ad_id,street_name,price,address,bedrooms,bathrooms,reception,link,subway_station,distance,efficient,average_epc_B,average_epc_C,average_epc_D,average_epc_E,average_epc_F,tube_line_Bakerloo,tube_line_Central,tube_line_Circle,tube_line_DLR,tube_line_District,tube_line_Hammersmith & City,tube_line_Jubilee,tube_line_Kew Gardens,tube_line_London Overground,tube_line_London Underground,tube_line_Metropolitan,tube_line_Northern,tube_line_Piccadilly,tube_line_Victoria,tube_line_nan
151907,Lancaster Gate,23000000.0,"Hyde Park, W2",60,0,1,https://www.dexters.co.uk/property-for-sale/property-for-sale-in-lancaster-gate-london-w2/151907,Lancaster Gate,0.26,0,0,1,0,0,0,0,1,0,0,0,0,0,0,0,0,0,0,0,0,0
151907,Lancaster Gate,23000000.0,"Hyde Park, W2",60,0,1,https://www.dexters.co.uk/property-for-sale/property-for-sale-in-lancaster-gate-london-w2/151907,Lancaster Gate,0.26,0,0,0,0,0,1,0,1,0,0,0,0,0,0,0,0,0,0,0,0,0
159870,Lancaster Gate,1895000.0,"Hyde Park, W2",4,3,1,https://www.dexters.co.uk/property-for-sale/flat-for-sale-in-lancaster-gate-london-w2/159870,Lancaster Gate,0.15,0,0,1,0,0,0,0,1,0,0,0,0,0,0,0,0,0,0,0,0,0
159870,Lancaster Gate,1895000.0,"Hyde Park, W2",4,3,1,https://www.dexters.co.uk/property-for-sale/flat-for-sale-in-lancaster-gate-london-w2/159870,Lancaster Gate,0.15,0,0,0,0,0,1,0,1,0,0,0,0,0,0,0,0,0,0,0,0,0
124656,Wilton Crescent,19500000.0,"Wilton Crescent, SW1X",5,5,2,https://www.dexters.co.uk/property-for-sale/house-for-sale-in-wilton-crescent-london-sw1x/124656,Knightsbridge,0.22,0,0,0,1,0,0,0,0,0,0,0,0,0,0,0,0,0,0,1,0,0
143179,Old Queen Street,9250000.0,"Westminster, SW1H",5,4,6,https://www.dexters.co.uk/property-for-sale/house-for-sale-in-old-queen-street-london-sw1h/143179,St.James's Park,0.16,0,0,1,0,0,0,0,0,1,0,0,0,0,0,0,0,0,0,0,0,0
138689,Queen Street,6000000.0,"Mayfair, W1J",3,3,2,https://www.dexters.co.uk/property-for-sale/flat-for-sale-in-queen-street-london-w1j/138689,Green Park,0.18,0,0,1,0,0,0,0,0,0,0,0,0,1,0,0,0,0,0,0,0,0
138689,Queen Street,6000000.0,"Mayfair, W1J",3,3,2,https://www.dexters.co.uk/property-for-sale/flat-for-sale-in-queen-street-london-w1j/138689,Green Park,0.18,0,0,1,0,0,0,0,0,0,0,0,0,1,0,0,0,0,0,0,0,0
138689,Queen Street,6000000.0,"Mayfair, W1J",3,3,2,https://www.dexters.co.uk/property-for-sale/flat-for-sale-in-queen-street-london-w1j/138689,Green Park,0.18,0,0,1,0,0,0,0,0,0,0,0,0,1,0,0,0,0,0,0,0,0
138690,Queen Street,6000000.0,"Mayfair, W1J",3,3,1,https://www.dexters.co.uk/property-for-sale/flat-for-sale-in-queen-street-london-w1j/138690,East India,0.17,0,0,1,0,0,0,0,0,0,1,0,0,0,0,0,0,0,0,0,0,0
138690,Queen Street,6000000.0,"Mayfair, W1J",3,3,1,https://www.dexters.co.uk/property-for-sale/flat-for-sale-in-queen-street-london-w1j/138690,East India,0.17,0,0,1,0,0,0,0,0,0,1,0,0,0,0,0,0,0,0,0,0,0
138690,Queen Street,6000000.0,"Mayfair, W1J",3,3,1,https://www.dexters.co.uk/property-for-sale/flat-for-sale-in-queen-street-london-w1j/138690,East India,0.17,0,0,1,0,0,0,0,0,0,1,0,0,0,0,0,0,0,0,0,0,0
138688,Queen Street,4000000.0,"Mayfair, W1J",3,2,1,https://www.dexters.co.uk/property-for-sale/flat-for-sale-in-queen-street-london-w1j/138688,Green Park,0.17,0,0,1,0,0,0,0,0,0,0,0,0,1,0,0,0,0,0,0,0,0
138688,Queen Street,4000000.0,"Mayfair, W1J",3,2,1,https://www.dexters.co.uk/property-for-sale/flat-for-sale-in-queen-street-london-w1j/138688,Green Park,0.17,0,0,1,0,0,0,0,0,0,0,0,0,1,0,0,0,0,0,0,0,0
138688,Queen Street,4000000.0,"Mayfair, W1J",3,2,1,https://www.dexters.co.uk/property-for-sale/flat-for-sale-in-queen-street-london-w1j/138688,Green Park,0.17,0,0,1,0,0,0,0,0,0,0,0,0,1,0,0,0,0,0,0,0,0
159717,Ladbroke Road,5500000.0,"Notting Hill, W11",5,4,2,https://www.dexters.co.uk/property-for-sale/property-for-sale-in-ladbroke-road-london-w11/159717,Notting Hill Gate,0.14,0,0,0,1,0,0,0,1,0,0,0,0,0,0,0,0,0,0,0,0,0
156629,Fairhazel Gardens,5495000.0,"South Hampstead, NW6",5,5,3,https://www.dexters.co.uk/property-for-sale/property-for-sale-in-fairhazel-gardens-london-nw6/156629,Finchley Road,0.19,0,0,0,1,0,0,0,0,0,0,0,0,1,0,0,0,0,0,0,0,0
157041,Kings Road,5000000.0,"Richmond, TW10",8,3,3,https://www.dexters.co.uk/property-for-sale/property-for-sale-in-kings-road-richmond-tw10/157041,Richmond,0.41,0,0,0,1,0,0,0,0,0,0,1,0,0,0,0,0,0,0,0,0,0
159188,Philbeach Gardens,5000000.0,"Earls Court, SW5",7,3,3,https://www.dexters.co.uk/property-for-sale/house-for-sale-in-philbeach-gardens-london-sw5/159188,Earl's Court,0.27,0,0,0,1,0,0,0,0,0,0,1,0,0,0,0,0,0,0,0,0,0
151165,Green Street,4950000.0,"Mayfair, W1K",3,3,2,https://www.dexters.co.uk/property-for-sale/flat-for-sale-in-green-street-london-w1k/151165,Marble Arch,0.1,0,0,0,1,0,0,0,1,0,0,0,0,0,0,0,0,0,0,0,0,0
84720,Copse Hill,4650000.0,"Wimbledon, SW20",5,4,5,https://www.dexters.co.uk/property-for-sale/property-for-sale-in-copse-hill-london-sw20/84720,Wimbledon,1.24,0,0,1,0,0,0,0,0,0,0,1,0,0,0,0,0,0,0,0,0,0
152534,Burnsall Street,4500000.0,"Chelsea, SW3",4,3,2,https://www.dexters.co.uk/property-for-sale/house-for-sale-in-burnsall-street-london-sw3/152534,South Kensington,0.45,0,0,0,1,0,0,0,0,0,0,1,0,0,0,0,0,0,0,0,0,0
159658,Hyde Park Gardens,4500000.0,"Hyde Park, W2",3,3,1,https://www.dexters.co.uk/property-for-sale/flat-for-sale-in-hyde-park-gardens-london-w2/159658,Lancaster Gate,0.24,0,0,0,1,0,0,0,1,0,0,0,0,0,0,0,0,0,0,0,0,0
148064,Stanhope Mews East,4300000.0,"South Kensington, SW7",3,3,1,https://www.dexters.co.uk/property-for-sale/house-for-sale-in-stanhope-mews-east-london-sw7/148064,Gloucester Road,0.17,0,0,0,1,0,0,0,0,0,0,1,0,0,0,0,0,0,0,0,0,0
144552,Highgate Hill,4000000.0,"Highgate, N6",5,3,3,https://www.dexters.co.uk/property-for-sale/property-for-sale-in-highgate-hill-london-n6/144552,Northern Archway,0.48,1,1,0,0,0,0,0,0,0,0,0,0,0,0,0,0,0,1,0,0,0
151912,Leinster Gardens,4000000.0,"Hyde Park, W2",3,0,1,https://www.dexters.co.uk/property-for-sale/flat-for-sale-in-leinster-gardens-london-w2/151912,Circle Bayswater,0.2,0,0,1,0,0,0,0,0,0,0,1,0,0,0,0,0,0,0,0,0,0
158628,Cholmeley Park,3999950.0,"Highgate Village, N6",3,2,1,https://www.dexters.co.uk/property-for-sale/property-for-sale-in-cholmeley-park-london-n6/158628,Northern Highgate,0.46,0,0,1,0,0,0,0,0,0,0,0,0,0,0,0,0,0,1,0,0,0
158628,Cholmeley Park,3999950.0,"Highgate Village, N6",3,2,1,https://www.dexters.co.uk/property-for-sale/property-for-sale-in-cholmeley-park-london-n6/158628,Northern Highgate,0.46,0,0,1,0,0,0,0,0,0,0,0,0,0,0,0,0,0,1,0,0,0
158628,Cholmeley Park,3999950.0,"Highgate Village, N6",3,2,1,https://www.dexters.co.uk/property-for-sale/property-for-sale-in-cholmeley-park-london-n6/158628,Northern Highgate,0.46,0,0,1,0,0,0,0,0,0,0,0,0,0,0,0,0,0,1,0,0,0
158628,Cholmeley Park,3999950.0,"Highgate Village, N6",3,2,1,https://www.dexters.co.uk/property-for-sale/property-for-sale-in-cholmeley-park-london-n6/158628,Northern Highgate,0.46,0,0,1,0,0,0,0,0,0,0,0,0,0,0,0,0,0,1,0,0,0
157876,Cholmeley Park,3250000.0,"Highgate Village, N6",3,2,3,https://www.dexters.co.uk/property-for-sale/property-for-sale-in-cholmeley-park-london-n6/157876,Northern Highgate,0.46,0,0,1,0,0,0,0,0,0,0,0,0,0,0,0,0,0,1,0,0,0
157876,Cholmeley Park,3250000.0,"Highgate Village, N6",3,2,3,https://www.dexters.co.uk/property-for-sale/property-for-sale-in-cholmeley-park-london-n6/157876,Northern Highgate,0.46,0,0,1,0,0,0,0,0,0,0,0,0,0,0,0,0,0,1,0,0,0
157876,Cholmeley Park,3250000.0,"Highgate Village, N6",3,2,3,https://www.dexters.co.uk/property-for-sale/property-for-sale-in-cholmeley-park-london-n6/157876,Northern Highgate,0.46,0,0,1,0,0,0,0,0,0,0,0,0,0,0,0,0,0,1,0,0,0
157876,Cholmeley Park,3250000.0,"Highgate Village, N6",3,2,3,https://www.dexters.co.uk/property-for-sale/property-for-sale-in-cholmeley-park-london-n6/157876,Northern Highgate,0.46,0,0,1,0,0,0,0,0,0,0,0,0,0,0,0,0,0,1,0,0,0
160198,Cholmeley Park,2850000.0,"Highgate Village, N6",5,5,1,https://www.dexters.co.uk/property-for-sale/flat-for-sale-in-cholmeley-park-london-n6/160198,Northern Highgate,0.48,0,0,1,0,0,0,0,0,0,0,0,0,0,0,0,0,0,1,0,0,0
160198,Cholmeley Park,2850000.0,"Highgate Village, N6",5,5,1,https://www.dexters.co.uk/property-for-sale/flat-for-sale-in-cholmeley-park-london-n6/160198,Northern Highgate,0.48,0,0,1,0,0,0,0,0,0,0,0,0,0,0,0,0,0,1,0,0,0
160198,Cholmeley Park,2850000.0,"Highgate Village, N6",5,5,1,https://www.dexters.co.uk/property-for-sale/flat-for-sale-in-cholmeley-park-london-n6/160198,Northern Highgate,0.48,0,0,1,0,0,0,0,0,0,0,0,0,0,0,0,0,0,1,0,0,0
160198,Cholmeley Park,2850000.0,"Highgate Village, N6",5,5,1,https://www.dexters.co.uk/property-for-sale/flat-for-sale-in-cholmeley-park-london-n6/160198,Northern Highgate,0.48,0,0,1,0,0,0,0,0,0,0,0,0,0,0,0,0,0,1,0,0,0
157875,Cholmeley Park,1975000.0,"Furnival House, N6",2,2,1,https://www.dexters.co.uk/property-for-sale/property-for-sale-in-cholmeley-park-london-n6/157875,Northern Highgate,0.46,0,0,1,0,0,0,0,0,0,0,0,0,0,0,0,0,0,1,0,0,0
157875,Cholmeley Park,1975000.0,"Furnival House, N6",2,2,1,https://www.dexters.co.uk/property-for-sale/property-for-sale-in-cholmeley-park-london-n6/157875,Northern Highgate,0.46,0,0,1,0,0,0,0,0,0,0,0,0,0,0,0,0,0,1,0,0,0
157875,Cholmeley Park,1975000.0,"Furnival House, N6",2,2,1,https://www.dexters.co.uk/property-for-sale/property-for-sale-in-cholmeley-park-london-n6/157875,Northern Highgate,0.46,0,0,1,0,0,0,0,0,0,0,0,0,0,0,0,0,0,1,0,0,0
157875,Cholmeley Park,1975000.0,"Furnival House, N6",2,2,1,https://www.dexters.co.uk/property-for-sale/property-for-sale-in-cholmeley-park-london-n6/157875,Northern Highgate,0.46,0,0,1,0,0,0,0,0,0,0,0,0,0,0,0,0,0,1,0,0,0
152608,Gatliff Road,3995000.0,"Belgravia, SW1W",4,4,1,https://www.dexters.co.uk/property-for-sale/flat-for-sale-in-gatliff-road-london-sw1w/152608,Sloane Square,0.45,0,0,1,0,0,0,0,0,0,0,1,0,0,0,0,0,0,0,0,0,0
131919,Rochester Row,3990000.0,"Westminster, SW1P",4,4,1,https://www.dexters.co.uk/property-for-sale/flat-for-sale-in-rochester-row-london-sw1p/131919,Victoria,0.31,0,0,1,0,0,0,0,0,0,0,1,0,0,0,0,0,0,0,0,0,0
131919,Rochester Row,3990000.0,"Westminster, SW1P",4,4,1,https://www.dexters.co.uk/property-for-sale/flat-for-sale-in-rochester-row-london-sw1p/131919,Victoria,0.31,0,0,1,0,0,0,0,0,0,0,1,0,0,0,0,0,0,0,0,0,0
161477,Rochester Row,1350000.0,"Westminster, SW1P",2,2,1,https://www.dexters.co.uk/property-for-sale/flat-for-sale-in-rochester-row-london-sw1p/161477,St.James's Park,0.27,0,0,1,0,0,0,0,0,1,0,0,0,0,0,0,0,0,0,0,0,0
161477,Rochester Row,1350000.0,"Westminster, SW1P",2,2,1,https://www.dexters.co.uk/property-for-sale/flat-for-sale-in-rochester-row-london-sw1p/161477,St.James's Park,0.27,0,0,1,0,0,0,0,0,1,0,0,0,0,0,0,0,0,0,0,0,0
151909,Norfolk Crescent,3990000.0,"Hyde Park, W2",4,3,2,https://www.dexters.co.uk/property-for-sale/house-for-sale-in-norfolk-crescent-london-w2/151909,Edgware Road,0.26,0,0,1,0,0,0,0,0,0,0,1,0,0,0,0,0,0,0,0,0,0
146131,Abbey Road,3895000.0,"St John's Wood, NW8",4,3,1,https://www.dexters.co.uk/property-for-sale/flat-for-sale-in-abbey-road-london-nw8/146131,St.John's Wood,0.23,0,0,1,0,0,0,0,0,0,0,0,0,1,0,0,0,0,0,0,0,0
154854,Brompton Road,3895000.0,"Knightsbridge, SW3",2,2,1,https://www.dexters.co.uk/property-for-sale/flat-for-sale-in-brompton-road-london-sw3/154854,Knightsbridge,0.13,0,0,0,1,0,0,0,0,0,0,0,0,0,0,0,0,0,0,1,0,0
154854,Brompton Road,3895000.0,"Knightsbridge, SW3",2,2,1,https://www.dexters.co.uk/property-for-sale/flat-for-sale-in-brompton-road-london-sw3/154854,Knightsbridge,0.13,0,0,1,0,0,0,0,0,0,0,0,0,0,0,0,0,0,0,1,0,0
159838,Brompton Road,2000000.0,"Chelsea, SW3",2,2,1,https://www.dexters.co.uk/property-for-sale/flat-for-sale-in-brompton-road-london-sw3/159838,South Kensington,0.19,0,0,0,1,0,0,0,0,0,0,1,0,0,0,0,0,0,0,0,0,0
159838,Brompton Road,2000000.0,"Chelsea, SW3",2,2,1,https://www.dexters.co.uk/property-for-sale/flat-for-sale-in-brompton-road-london-sw3/159838,South Kensington,0.19,0,0,1,0,0,0,0,0,0,0,1,0,0,0,0,0,0,0,0,0,0
121710,Romney Street,3700000.0,"Westminster, SW1P",5,5,1,https://www.dexters.co.uk/property-for-sale/property-for-sale-in-romney-street-london-sw1p/121710,Westminster,0.39,1,1,0,0,0,0,0,0,0,0,1,0,0,0,0,0,0,0,0,0,0
121710,Romney Street,3700000.0,"Westminster, SW1P",5,5,1,https://www.dexters.co.uk/property-for-sale/property-for-sale-in-romney-street-london-sw1p/121710,Westminster,0.39,1,1,0,0,0,0,0,0,0,0,1,0,0,0,0,0,0,0,0,0,0
121711,Romney Street,2950000.0,"Westminster, SW1P",5,5,1,https://www.dexters.co.uk/property-for-sale/property-for-sale-in-romney-street-london-sw1p/121711,Westminster,0.39,1,1,0,0,0,0,0,0,0,0,1,0,0,0,0,0,0,0,0,0,0
121711,Romney Street,2950000.0,"Westminster, SW1P",5,5,1,https://www.dexters.co.uk/property-for-sale/property-for-sale-in-romney-street-london-sw1p/121711,Westminster,0.39,1,1,0,0,0,0,0,0,0,0,1,0,0,0,0,0,0,0,0,0,0
146783,Lyons Place,3700000.0,"St John's Wood, NW8",3,3,1,https://www.dexters.co.uk/property-for-sale/property-for-sale-in-lyons-place-london-nw8/146783,Warwick Avenue,0.37,1,1,0,0,0,0,1,0,0,0,0,0,0,0,0,0,0,0,0,0,0
141013,Carlingford Road,3500000.0,"Hampstead Village, NW3",5,2,3,https://www.dexters.co.uk/property-for-sale/house-for-sale-in-carlingford-road-london-nw3/141013,Hampstead,0.26,0,0,0,1,0,0,0,0,0,0,0,0,0,0,0,0,0,1,0,0,0
149664,Denning Road,3500000.0,"Hampstead Village, NW3",5,3,3,https://www.dexters.co.uk/property-for-sale/house-for-sale-in-denning-road-london-nw3/149664,Hampstead,0.25,0,0,0,1,0,0,0,0,0,0,0,0,0,0,0,0,0,1,0,0,0
151665,The Avenue,3500000.0,"St Margarets, TW1",8,4,5,https://www.dexters.co.uk/property-for-sale/property-for-sale-in-the-avenue-st-margarets-tw1/151665,Richmond,0.87,0,0,0,1,0,0,0,0,0,0,1,0,0,0,0,0,0,0,0,0,0
151665,The Avenue,3500000.0,"St Margarets, TW1",8,4,5,https://www.dexters.co.uk/property-for-sale/property-for-sale-in-the-avenue-st-margarets-tw1/151665,Richmond,0.87,0,0,0,1,0,0,0,0,0,0,1,0,0,0,0,0,0,0,0,0,0
151665,The Avenue,3500000.0,"St Margarets, TW1",8,4,5,https://www.dexters.co.uk/property-for-sale/property-for-sale-in-the-avenue-st-margarets-tw1/151665,Richmond,0.87,0,0,0,1,0,0,0,0,0,0,1,0,0,0,0,0,0,0,0,0,0
160971,The Avenue,2699950.0,"Queens Park, NW6",8,4,3,https://www.dexters.co.uk/property-for-sale/property-for-sale-in-the-avenue-london-nw6/160971,Brondesbury Park,0.06,0,0,0,1,0,0,0,0,0,0,0,0,0,0,1,0,0,0,0,0,0
160971,The Avenue,2699950.0,"Queens Park, NW6",8,4,3,https://www.dexters.co.uk/property-for-sale/property-for-sale-in-the-avenue-london-nw6/160971,Brondesbury Park,0.06,0,0,0,1,0,0,0,0,0,0,0,0,0,0,1,0,0,0,0,0,0
160971,The Avenue,2699950.0,"Queens Park, NW6",8,4,3,https://www.dexters.co.uk/property-for-sale/property-for-sale-in-the-avenue-london-nw6/160971,Brondesbury Park,0.06,0,0,0,1,0,0,0,0,0,0,0,0,0,0,1,0,0,0,0,0,0
143620,The Avenue,1350000.0,"Lower Sunbury, TW16",5,2,2,https://www.dexters.co.uk/property-for-sale/property-for-sale-in-the-avenue-sunbury-on-thames-tw16/143620,,,0,0,0,1,0,0,0,0,0,0,0,0,0,0,0,0,0,0,0,0,1
143620,The Avenue,1350000.0,"Lower Sunbury, TW16",5,2,2,https://www.dexters.co.uk/property-for-sale/property-for-sale-in-the-avenue-sunbury-on-thames-tw16/143620,,,0,0,0,1,0,0,0,0,0,0,0,0,0,0,0,0,0,0,0,0,1
143620,The Avenue,1350000.0,"Lower Sunbury, TW16",5,2,2,https://www.dexters.co.uk/property-for-sale/property-for-sale-in-the-avenue-sunbury-on-thames-tw16/143620,,,0,0,0,1,0,0,0,0,0,0,0,0,0,0,0,0,0,0,0,0,1
152236,Cromwell Road,3500000.0,"South Kensington, SW7",3,3,2,https://www.dexters.co.uk/property-for-sale/flat-for-sale-in-cromwell-road-london-sw7/152236,Gloucester Road,0.19,0,0,1,0,0,0,0,0,0,0,1,0,0,0,0,0,0,0,0,0,0
152236,Cromwell Road,3500000.0,"South Kensington, SW7",3,3,2,https://www.dexters.co.uk/property-for-sale/flat-for-sale-in-cromwell-road-london-sw7/152236,Gloucester Road,0.19,0,0,1,0,0,0,0,0,0,0,1,0,0,0,0,0,0,0,0,0,0
160674,Cromwell Road,3500000.0,"South Kensington, SW7",4,3,1,https://www.dexters.co.uk/property-for-sale/flat-for-sale-in-cromwell-road-london-sw7/160674,Gloucester Road,0.19,0,0,1,0,0,0,0,0,0,0,1,0,0,0,0,0,0,0,0,0,0
160674,Cromwell Road,3500000.0,"South Kensington, SW7",4,3,1,https://www.dexters.co.uk/property-for-sale/flat-for-sale-in-cromwell-road-london-sw7/160674,Gloucester Road,0.19,0,0,1,0,0,0,0,0,0,0,1,0,0,0,0,0,0,0,0,0,0
130126,Elgin Avenue,3250000.0,"Maida Vale, W9",8,3,5,https://www.dexters.co.uk/property-for-sale/house-for-sale-in-elgin-avenue-maida-vale-w9/130126,Maida Vale,0.34,0,0,0,1,0,0,1,0,0,0,0,0,0,0,0,0,0,0,0,0,0
137686,Abbotsbury Close,3250000.0,"Holland Park, W14",5,4,2,https://www.dexters.co.uk/property-for-sale/house-for-sale-in-abbotsbury-close-london-w14/137686,Kensington (Olympia),0.28,0,0,0,1,0,0,0,0,0,0,1,0,0,0,0,0,0,0,0,0,0
151336,Edith Grove,3200000.0,"Chelsea, SW10",4,3,3,https://www.dexters.co.uk/property-for-sale/house-for-sale-in-edith-grove-london-sw10/151336,Fulham Broadway,0.59,0,0,0,1,0,0,0,0,0,0,1,0,0,0,0,0,0,0,0,0,0
161291,Clapham Common North Side,3200000.0,"Clapham, SW4",16,4,2,https://www.dexters.co.uk/property-for-sale/house-for-sale-in-clapham-common-north-side-london-sw4/161291,Clapham Common,0.6,0,0,0,1,0,0,0,0,0,0,0,0,0,0,0,0,0,1,0,0,0
122517,Catherine Place,3100000.0,"Westminster, SW1E",5,3,5,https://www.dexters.co.uk/property-for-sale/property-for-sale-in-catherine-place-london-sw1e/122517,Victoria,0.22,0,0,0,1,0,0,0,0,0,0,1,0,0,0,0,0,0,0,0,0,0
116025,East Smithfield,3000000.0,"Wapping, E1W",5,4,2,https://www.dexters.co.uk/property-for-sale/property-for-sale-in-east-smithfield-st-katherines-docks-e1w/116025,Tower Gateway,0.27,0,0,1,0,0,0,0,0,0,1,0,0,0,0,0,0,0,0,0,0,0
149955,Lower Terrace,3000000.0,"Hampstead Village, NW3",3,2,1,https://www.dexters.co.uk/property-for-sale/house-for-sale-in-lower-terrace-london-nw3/149955,Hampstead,0.26,0,0,0,1,0,0,0,0,0,0,0,0,0,0,0,0,0,1,0,0,0
151751,Highgate Avenue,3000000.0,"Highgate, N6",5,3,3,https://www.dexters.co.uk/property-for-sale/property-for-sale-in-highgate-avenue-london-n6/151751,Highgate,0.2,0,0,0,1,0,0,0,0,0,0,0,0,0,0,0,0,0,1,0,0,0
152689,Britton Street,3000000.0,"Clerkenwell, EC1M",4,3,3,https://www.dexters.co.uk/property-for-sale/house-for-sale-in-britton-street-london-ec1m/152689,First Capital Connect Farringdon,0.11,0,0,1,0,0,0,0,0,0,0,0,0,0,0,0,0,1,0,0,0,0
158433,Marshall Street,3000000.0,"Marylebone, W1F",3,2,1,https://www.dexters.co.uk/property-for-sale/flat-for-sale-in-marshall-street-london-w1f/158433,Oxford Circus,0.2,1,1,0,0,0,0,1,0,0,0,0,0,0,0,0,0,0,0,0,0,0
159110,Porter Street,3000000.0,"Marylebone, W1U",4,3,2,https://www.dexters.co.uk/property-for-sale/flat-for-sale-in-porter-street-london-w1u/159110,Baker Street,0.08,0,0,1,0,0,0,1,0,0,0,0,0,0,0,0,0,0,0,0,0,0
154425,Harley Road,2950000.0,"Primrose Hill, NW3",5,3,4,https://www.dexters.co.uk/property-for-sale/flat-for-sale-in-harley-road-london-nw3/154425,Swiss Cottage,0.22,0,0,0,1,0,0,0,0,0,0,0,0,1,0,0,0,0,0,0,0,0
158056,Christchurch Terrace,2950000.0,"Chelsea, SW3",2,3,1,https://www.dexters.co.uk/property-for-sale/house-for-sale-in-christchurch-terrace-london-sw3/158056,Sloane Square,0.5,0,0,1,0,0,0,0,0,0,0,1,0,0,0,0,0,0,0,0,0,0
130728,Warwick Place,2900000.0,"Little Venice, W9",3,4,2,https://www.dexters.co.uk/property-for-sale/house-for-sale-in-warwick-place-maida-vale-w9/130728,Warwick Avenue,0.08,0,0,0,1,0,0,1,0,0,0,0,0,0,0,0,0,0,0,0,0,0
156902,Chatsworth Road,2875000.0,"Mapesbury, NW2",7,3,2,https://www.dexters.co.uk/property-for-sale/house-for-sale-in-chatsworth-road-london-nw2/156902,Kilburn,0.32,0,0,0,1,0,0,0,0,0,0,0,0,1,0,0,0,0,0,0,0,0
139723,The Belvedere,2850000.0,"Chelsea, SW10",4,3,1,https://www.dexters.co.uk/property-for-sale/flat-for-sale-in-the-belvedere-london-sw10/139723,Fulham Broadway,0.73,0,0,1,0,0,0,0,0,0,0,1,0,0,0,0,0,0,0,0,0,0
139723,The Belvedere,2850000.0,"Chelsea, SW10",4,3,1,https://www.dexters.co.uk/property-for-sale/flat-for-sale-in-the-belvedere-london-sw10/139723,Fulham Broadway,0.73,0,0,1,0,0,0,0,0,0,0,1,0,0,0,0,0,0,0,0,0,0
132502,The Belvedere,2650000.0,"Chelsea, SW10",4,3,1,https://www.dexters.co.uk/property-for-sale/flat-for-sale-in-the-belvedere-london-sw10/132502,Fulham Broadway,0.73,0,0,1,0,0,0,0,0,0,0,1,0,0,0,0,0,0,0,0,0,0
132502,The Belvedere,2650000.0,"Chelsea, SW10",4,3,1,https://www.dexters.co.uk/property-for-sale/flat-for-sale-in-the-belvedere-london-sw10/132502,Fulham Broadway,0.73,0,0,1,0,0,0,0,0,0,0,1,0,0,0,0,0,0,0,0,0,0
159925,Walton Street,2850000.0,"Chelsea, SW3",3,2,1,https://www.dexters.co.uk/property-for-sale/flat-for-sale-in-walton-street-london-sw3/159925,Knightsbridge,0.33,0,0,0,1,0,0,0,0,0,0,0,0,0,0,0,0,0,0,1,0,0
155425,Palace Gate,2800000.0,"Kensington, W8",3,2,1,https://www.dexters.co.uk/property-for-sale/flat-for-sale-in-palace-gate-london-w8/155425,High Street Kensington,0.36,0,0,0,1,0,0,0,0,0,0,1,0,0,0,0,0,0,0,0,0,0
157369,Hampton Road,2800000.0,"Teddington, TW11",6,3,5,https://www.dexters.co.uk/property-for-sale/house-for-sale-in-hampton-road-teddington-tw11/157369,,,0,0,0,1,0,0,0,0,0,0,0,0,0,0,0,0,0,0,0,0,1
132317,Park Street,2750000.0,"Fulham, SW6",5,4,1,https://www.dexters.co.uk/property-for-sale/flat-for-sale-in-park-street-london-sw6/132317,Fulham Broadway,0.58,0,0,1,0,0,0,0,0,0,0,1,0,0,0,0,0,0,0,0,0,0
152148,Clarence Avenue,2750000.0,"Clapham, SW4",8,3,3,https://www.dexters.co.uk/property-for-sale/house-for-sale-in-clarence-avenue-london-sw4/152148,Clapham South,0.57,0,0,1,0,0,0,0,0,0,0,0,0,0,0,0,0,0,1,0,0,0
155347,Flask Walk,2750000.0,"Hampstead Village, NW3",2,2,2,https://www.dexters.co.uk/property-for-sale/house-for-sale-in-flask-walk-london-nw3/155347,Metropolitan Hampstead,0.07,0,0,0,1,0,0,0,0,0,0,0,0,0,0,0,0,0,1,0,0,0
156386,Harley Street,2750000.0,"Marylebone, W1G",3,2,1,https://www.dexters.co.uk/property-for-sale/flat-for-sale-in-harley-street-london-w1g/156386,Oxford Circus,0.25,0,0,1,0,0,0,1,0,0,0,0,0,0,0,0,0,0,0,0,0,0
159123,East Ferry Road,2700000.0,"Canary Wharf, E14",4,4,1,https://www.dexters.co.uk/property-for-sale/flat-for-sale-in-east-ferry-road-london-e14/159123,DLR Crossharbour,0.08,0,0,1,0,0,0,0,0,0,1,0,0,0,0,0,0,0,0,0,0,0
148914,Cornwall Crescent,2650000.0,"Notting Hill, W11",6,4,2,https://www.dexters.co.uk/property-for-sale/property-for-sale-in-cornwall-crescent-london-w11/148914,Ladbroke Grove,0.15,0,0,1,0,0,0,0,0,1,0,0,0,0,0,0,0,0,0,0,0,0
139625,Waldegrave Road,2600000.0,"Strawberry Hill, TW1",5,4,4,https://www.dexters.co.uk/property-for-sale/property-for-sale-in-waldegrave-road-strawberry-hill-tw1/139625,,,0,0,0,1,0,0,0,0,0,0,0,0,0,0,0,0,0,0,0,0,1
161583,Chesilton Road,2600000.0,"Fulham, SW6",5,3,3,https://www.dexters.co.uk/property-for-sale/house-for-sale-in-chesilton-road-london-sw6/161583,Parsons Green,0.32,0,0,0,1,0,0,0,0,0,0,1,0,0,0,0,0,0,0,0,0,0
109961,George Street,2500000.0,"Marylebone, W1U",3,2,1,https://www.dexters.co.uk/property-for-sale/flat-for-sale-in-george-street-london-w1u/109961,Bond Street,0.27,1,1,0,0,0,0,0,1,0,0,0,0,0,0,0,0,0,0,0,0,0
117656,Princes Mews,2500000.0,"Notting Hill, W2",3,2,1,https://www.dexters.co.uk/property-for-sale/house-for-sale-in-princes-mews-london-w2/117656,Circle Bayswater,0.21,0,0,1,0,0,0,0,0,0,0,1,0,0,0,0,0,0,0,0,0,0
119993,Scandrett Street,2500000.0,"Wapping, E1W",3,2,2,https://www.dexters.co.uk/property-for-sale/house-for-sale-in-scandrett-street-london-e1w/119993,Bermondsey,0.43,0,0,1,0,0,0,0,0,0,0,0,0,1,0,0,0,0,0,0,0,0
129098,Thornton Hill,2500000.0,"Wimbledon, SW19",5,3,5,https://www.dexters.co.uk/property-for-sale/house-for-sale-in-thornton-hill-london-sw19/129098,Wimbledon,0.49,0,0,0,1,0,0,0,0,0,0,1,0,0,0,0,0,0,0,0,0,0
141541,Belsize Lane,2500000.0,"Belsize Park, NW3",4,3,1,https://www.dexters.co.uk/property-for-sale/house-for-sale-in-belsize-lane-london-nw3/141541,Swiss Cottage,0.25,0,0,0,1,0,0,0,0,0,0,0,0,1,0,0,0,0,0,0,0,0
149674,Holly Mount,2500000.0,"Hampstead Village, NW3",2,2,2,https://www.dexters.co.uk/property-for-sale/house-for-sale-in-holly-mount-london-nw3/149674,Metropolitan Hampstead,0.08,0,0,0,1,0,0,0,0,0,0,0,0,0,0,0,0,0,1,0,0,0
155049,Bryanston Place,2500000.0,"Marylebone, W1H",3,2,1,https://www.dexters.co.uk/property-for-sale/flat-for-sale-in-bryanston-place-london-w1h/155049,Central Marylebone,0.26,0,0,0,1,0,0,1,0,0,0,0,0,0,0,0,0,0,0,0,0,0
157234,Woodsome Road,2500000.0,"Dartmouth Park, NW5",5,3,1,https://www.dexters.co.uk/property-for-sale/property-for-sale-in-woodsome-road-london-nw5/157234,Tufnell Park,0.41,0,0,0,1,0,0,0,0,0,0,0,0,0,0,0,0,0,1,0,0,0
159687,Cheyne Court,2500000.0,"Chelsea, SW3",3,2,2,https://www.dexters.co.uk/property-for-sale/flat-for-sale-in-cheyne-court-london-sw3/159687,Sloane Square,0.61,0,0,0,1,0,0,0,0,0,0,1,0,0,0,0,0,0,0,0,0,0
159802,Shepherdess Walk,2500000.0,"Shepherdess Walk, N1",3,3,2,https://www.dexters.co.uk/property-for-sale/flat-for-sale-in-shepherdess-walk-london-n1/159802,Old Street,0.34,0,0,1,0,0,0,0,0,0,0,0,0,0,0,0,0,0,1,0,0,0
142269,Finchley Road,2495000.0,"Hampstead, NW3",6,4,2,https://www.dexters.co.uk/property-for-sale/property-for-sale-in-finchley-road-london-nw3/142269,,,1,1,0,0,0,0,0,0,0,0,0,0,0,0,0,0,0,0,0,0,1
151305,Maresfield Gardens,2495000.0,"Hampstead, NW3",3,3,2,https://www.dexters.co.uk/property-for-sale/flat-for-sale-in-maresfield-gardens-london-nw3/151305,Finchley Road,0.13,0,0,0,1,0,0,0,0,0,0,0,0,1,0,0,0,0,0,0,0,0
158430,Bolsover Street,2450000.0,"Fitzrovia, W1W",3,2,1,https://www.dexters.co.uk/property-for-sale/flat-for-sale-in-bolsover-street-london-w1w/158430,Great Portland Street,0.05,0,0,1,0,0,0,0,0,0,0,0,1,0,0,0,0,0,0,0,0,0
139375,Highgate West Hill,2400000.0,"Highgate, N6",5,3,3,https://www.dexters.co.uk/property-for-sale/house-for-sale-in-highgate-west-hill-london-n6/139375,Archway,0.8,0,0,0,1,0,0,0,0,0,0,0,0,0,0,0,0,0,1,0,0,0
139375,Highgate West Hill,2400000.0,"Highgate, N6",5,3,3,https://www.dexters.co.uk/property-for-sale/house-for-sale-in-highgate-west-hill-london-n6/139375,Archway,0.8,0,0,0,1,0,0,0,0,0,0,0,0,0,0,0,0,0,1,0,0,0
156758,Highgate West Hill,1700000.0,"Highgate, N6",3,2,1,https://www.dexters.co.uk/property-for-sale/flat-for-sale-in-highgate-west-hill-london-n6/156758,Archway,0.81,0,0,0,1,0,0,0,0,0,0,0,0,0,0,0,0,0,1,0,0,0
156758,Highgate West Hill,1700000.0,"Highgate, N6",3,2,1,https://www.dexters.co.uk/property-for-sale/flat-for-sale-in-highgate-west-hill-london-n6/156758,Archway,0.81,0,0,0,1,0,0,0,0,0,0,0,0,0,0,0,0,0,1,0,0,0
149855,Huntingdon Street,2400000.0,"Barnsbury, N1",5,3,2,https://www.dexters.co.uk/property-for-sale/house-for-sale-in-huntingdon-street-london-n1/149855,Caledonian Road,0.46,0,0,1,0,0,0,0,0,0,0,0,0,0,0,0,0,0,0,1,0,0
150127,Lambeth Road,2400000.0,"Lambeth, SE1",6,6,6,https://www.dexters.co.uk/property-for-sale/property-for-sale-in-lambeth-road-london-se1/150127,Lambeth North,0.17,0,0,1,0,0,0,1,0,0,0,0,0,0,0,0,0,0,0,0,0,0
141197,Dunraven Street,2395000.0,"Mayfair, W1K",2,0,1,https://www.dexters.co.uk/property-for-sale/flat-for-sale-in-dunraven-street-london-w1k/141197,Marble Arch,0.12,0,0,1,0,0,0,0,1,0,0,0,0,0,0,0,0,0,0,0,0,0
157833,North Audley Street,2380000.0,"Mayfair, W1K",2,2,1,https://www.dexters.co.uk/property-for-sale/flat-for-sale-in-north-audley-street-london-w1k/157833,Marble Arch,0.18,0,0,1,0,0,0,0,1,0,0,0,0,0,0,0,0,0,0,0,0,0
161433,Hermitage Lane,2375000.0,"Hampstead Borders, NW2",4,3,1,https://www.dexters.co.uk/property-for-sale/house-for-sale-in-hermitage-lane-london-nw2/161433,Golders Green,0.69,0,0,1,0,0,0,0,0,0,0,0,0,0,0,0,0,0,1,0,0,0
151877,Warrington Crescent,2350000.0,"Little Venice, W9",3,3,1,https://www.dexters.co.uk/property-for-sale/flat-for-sale-in-warrington-crescent-maida-vale-w9/151877,Warwick Avenue,0.11,0,0,0,1,0,0,1,0,0,0,0,0,0,0,0,0,0,0,0,0,0
161551,Burghley Road,2350000.0,"Kentish Town, NW5",4,4,2,https://www.dexters.co.uk/property-for-sale/house-for-sale-in-burghley-road-london-nw5/161551,Tufnell Park,0.19,0,0,0,1,0,0,0,0,0,0,0,0,0,0,0,0,0,1,0,0,0
111223,Wapping Lane,2300000.0,"Gun Place, E1W",4,3,1,https://www.dexters.co.uk/property-for-sale/flat-for-sale-in-wapping-lane-london-e1w/111223,,,1,1,0,0,0,0,0,0,0,0,0,0,0,0,0,0,0,0,0,0,1
127960,Strand,2300000.0,"London, WC2R",2,2,1,https://www.dexters.co.uk/property-for-sale/property-for-sale-in-strand-london-wc2r/127960,First Capital Connect Temple,0.17,0,0,0,1,0,0,0,0,0,0,1,0,0,0,0,0,0,0,0,0,0
153293,Columbia Road,2300000.0,"Jesus Green, E2",4,2,1,https://www.dexters.co.uk/property-for-sale/property-for-sale-in-columbia-road-london-e2/153293,,,0,0,1,0,0,0,0,0,0,0,0,0,0,0,0,0,0,0,0,0,1
145468,Lower Sloane Street,2295000.0,"Chelsea, SW1W",3,2,1,https://www.dexters.co.uk/property-for-sale/flat-for-sale-in-lower-sloane-street-london-sw1w/145468,Sloane Square,0.08,0,0,0,1,0,0,0,0,0,0,1,0,0,0,0,0,0,0,0,0,0
159540,Rodenhurst Road,2275000.0,"Clapham, SW4",5,2,2,https://www.dexters.co.uk/property-for-sale/house-for-sale-in-rodenhurst-road-london-sw4/159540,Clapham Common,0.53,0,0,0,1,0,0,0,0,0,0,0,0,0,0,0,0,0,1,0,0,0
131493,The Vale,2250000.0,"Chelsea, SW3",3,2,1,https://www.dexters.co.uk/property-for-sale/flat-for-sale-in-the-vale-london-sw3/131493,South Kensington,0.6,0,0,0,1,0,0,0,0,0,0,1,0,0,0,0,0,0,0,0,0,0
131493,The Vale,2250000.0,"Chelsea, SW3",3,2,1,https://www.dexters.co.uk/property-for-sale/flat-for-sale-in-the-vale-london-sw3/131493,South Kensington,0.6,0,0,0,1,0,0,0,0,0,0,1,0,0,0,0,0,0,0,0,0,0
115591,The Vale,1975000.0,"Chelsea, SW3",2,2,1,https://www.dexters.co.uk/property-for-sale/flat-for-sale-in-the-vale-london-sw3/115591,South Kensington,0.6,0,0,0,1,0,0,0,0,0,0,1,0,0,0,0,0,0,0,0,0,0
115591,The Vale,1975000.0,"Chelsea, SW3",2,2,1,https://www.dexters.co.uk/property-for-sale/flat-for-sale-in-the-vale-london-sw3/115591,South Kensington,0.6,0,0,0,1,0,0,0,0,0,0,1,0,0,0,0,0,0,0,0,0,0
136246,Wardour Street,2250000.0,"Soho, W1F",3,0,1,https://www.dexters.co.uk/property-for-sale/flat-for-sale-in-wardour-street-london-w1f/136246,Piccadilly Circus,0.2,0,0,1,0,0,0,1,0,0,0,0,0,0,0,0,0,0,0,0,0,0
140674,Belsize Road,2250000.0,"South Hampstead, NW6",4,2,2,https://www.dexters.co.uk/property-for-sale/house-for-sale-in-belsize-road-london-nw6/140674,Swiss Cottage,0.15,1,1,0,0,0,0,0,0,0,0,0,0,1,0,0,0,0,0,0,0,0
145161,Cremorne Road,2250000.0,"Chelsea, SW10",5,4,1,https://www.dexters.co.uk/property-for-sale/house-for-sale-in-cremorne-road-london-sw10/145161,Fulham Broadway,0.66,0,0,0,1,0,0,0,0,0,0,1,0,0,0,0,0,0,0,0,0,0
145940,Tufton Street,2250000.0,"Westminster, SW1P",4,2,2,https://www.dexters.co.uk/property-for-sale/property-for-sale-in-tufton-street-london-sw1p/145940,Westminster,0.31,0,0,1,0,0,0,0,0,0,0,1,0,0,0,0,0,0,0,0,0,0
153407,Munster Road,2250000.0,"Teddington, TW11",6,4,2,https://www.dexters.co.uk/property-for-sale/house-for-sale-in-munster-road-teddington-tw11/153407,,,0,0,0,1,0,0,0,0,0,0,0,0,0,0,0,0,0,0,0,0,1
159313,Union Road,2200000.0,"Clapham, SW4",4,3,2,https://www.dexters.co.uk/property-for-sale/house-for-sale-in-union-road-london-sw4/159313,Clapham North,0.35,0,0,0,1,0,0,0,0,0,0,0,0,0,0,0,0,0,1,0,0,0
160314,Sibella Road,2200000.0,"Clapham, SW4",5,3,2,https://www.dexters.co.uk/property-for-sale/house-for-sale-in-sibella-road-london-sw4/160314,Clapham North,0.3,0,0,0,0,1,0,0,0,0,0,0,0,0,0,0,0,0,1,0,0,0
148082,Onslow Square,2190000.0,"South Kensington, SW7",3,3,1,https://www.dexters.co.uk/property-for-sale/flat-for-sale-in-onslow-square-london-sw7/148082,South Kensington,0.03,0,0,0,1,0,0,0,0,0,0,1,0,0,0,0,0,0,0,0,0,0
157902,Spring Gardens,2150000.0,"St James's, SW1A",2,2,1,https://www.dexters.co.uk/property-for-sale/flat-for-sale-in-spring-gardens-london-sw1a/157902,Charing Cross,0.06,0,0,1,0,0,0,1,0,0,0,0,0,0,0,0,0,0,0,0,0,0
160316,Narrow Street,2150000.0,"Wapping, E14",3,2,1,https://www.dexters.co.uk/property-for-sale/house-for-sale-in-narrow-street-london-e14/160316,DLR Westferry,0.17,0,0,1,0,0,0,0,0,0,1,0,0,0,0,0,0,0,0,0,0,0
154199,Richmond Avenue,2100000.0,"Islington, N1",3,2,3,https://www.dexters.co.uk/property-for-sale/property-for-sale-in-richmond-avenue-london-n1/154199,Angel,0.57,0,0,0,1,0,0,0,0,0,0,0,0,0,0,0,0,0,1,0,0,0
156908,Anson Road,2100000.0,"Cricklewood, NW2",5,4,3,https://www.dexters.co.uk/property-for-sale/property-for-sale-in-anson-road-london-nw2/156908,Willesden Green,0.35,0,0,0,1,0,0,0,0,0,0,0,0,1,0,0,0,0,0,0,0,0
156908,Anson Road,2100000.0,"Cricklewood, NW2",5,4,3,https://www.dexters.co.uk/property-for-sale/property-for-sale-in-anson-road-london-nw2/156908,Willesden Green,0.35,0,0,0,1,0,0,0,0,0,0,0,0,1,0,0,0,0,0,0,0,0
152768,Anson Road,1500000.0,"Tufnell Park, N7",5,2,2,https://www.dexters.co.uk/property-for-sale/flat-for-sale-in-anson-road-london-n7/152768,Tufnell Park,0.35,0,0,0,1,0,0,0,0,0,0,0,0,0,0,0,0,0,1,0,0,0
152768,Anson Road,1500000.0,"Tufnell Park, N7",5,2,2,https://www.dexters.co.uk/property-for-sale/flat-for-sale-in-anson-road-london-n7/152768,Tufnell Park,0.35,0,0,0,1,0,0,0,0,0,0,0,0,0,0,0,0,0,1,0,0,0
160964,Langham Road,2095000.0,"Teddington, TW11",5,3,2,https://www.dexters.co.uk/property-for-sale/house-for-sale-in-langham-road-teddington-tw11/160964,,,0,0,0,1,0,0,0,0,0,0,0,0,0,0,0,0,0,0,0,0,1
141338,Golden Lane,2003000.0,"Barbican, EC1Y",3,2,1,https://www.dexters.co.uk/property-for-sale/property-for-sale-in-golden-lane-london-ec1y/141338,Metropolitan Barbican,0.26,0,0,0,1,0,0,0,0,0,0,0,1,0,0,0,0,0,0,0,0,0
141338,Golden Lane,2003000.0,"Barbican, EC1Y",3,2,1,https://www.dexters.co.uk/property-for-sale/property-for-sale-in-golden-lane-london-ec1y/141338,Metropolitan Barbican,0.26,1,1,0,0,0,0,0,0,0,0,0,1,0,0,0,0,0,0,0,0,0
141338,Golden Lane,2003000.0,"Barbican, EC1Y",3,2,1,https://www.dexters.co.uk/property-for-sale/property-for-sale-in-golden-lane-london-ec1y/141338,Metropolitan Barbican,0.26,0,0,0,1,0,0,0,0,0,0,0,1,0,0,0,0,0,0,0,0,0
133005,Golden Lane,1880000.0,"Barbican, EC1Y",3,2,1,https://www.dexters.co.uk/property-for-sale/property-for-sale-in-golden-lane-london-ec1y/133005,Northern Barbican,0.17,0,0,0,1,0,0,0,0,0,0,0,1,0,0,0,0,0,0,0,0,0
133005,Golden Lane,1880000.0,"Barbican, EC1Y",3,2,1,https://www.dexters.co.uk/property-for-sale/property-for-sale-in-golden-lane-london-ec1y/133005,Northern Barbican,0.17,1,1,0,0,0,0,0,0,0,0,0,1,0,0,0,0,0,0,0,0,0
133005,Golden Lane,1880000.0,"Barbican, EC1Y",3,2,1,https://www.dexters.co.uk/property-for-sale/property-for-sale-in-golden-lane-london-ec1y/133005,Northern Barbican,0.17,0,0,0,1,0,0,0,0,0,0,0,1,0,0,0,0,0,0,0,0,0
147043,Golden Lane,1823000.0,"Barbican, EC1Y",3,2,1,https://www.dexters.co.uk/property-for-sale/property-for-sale-in-golden-lane-london-ec1y/147043,Northern Barbican,0.17,0,0,0,1,0,0,0,0,0,0,0,1,0,0,0,0,0,0,0,0,0
147043,Golden Lane,1823000.0,"Barbican, EC1Y",3,2,1,https://www.dexters.co.uk/property-for-sale/property-for-sale-in-golden-lane-london-ec1y/147043,Northern Barbican,0.17,1,1,0,0,0,0,0,0,0,0,0,1,0,0,0,0,0,0,0,0,0
147043,Golden Lane,1823000.0,"Barbican, EC1Y",3,2,1,https://www.dexters.co.uk/property-for-sale/property-for-sale-in-golden-lane-london-ec1y/147043,Northern Barbican,0.17,0,0,0,1,0,0,0,0,0,0,0,1,0,0,0,0,0,0,0,0,0
107751,Fairfax Road,2000000.0,"South Hampstead, NW6",4,2,1,https://www.dexters.co.uk/property-for-sale/property-for-sale-in-fairfax-road-london-nw6/107751,Swiss Cottage,0.16,0,0,1,0,0,0,0,0,0,0,0,0,1,0,0,0,0,0,0,0,0
107751,Fairfax Road,2000000.0,"South Hampstead, NW6",4,2,1,https://www.dexters.co.uk/property-for-sale/property-for-sale-in-fairfax-road-london-nw6/107751,Swiss Cottage,0.16,0,0,0,1,0,0,0,0,0,0,0,0,1,0,0,0,0,0,0,0,0
161164,Fairfax Road,1695000.0,"Teddington, TW11",4,2,2,https://www.dexters.co.uk/property-for-sale/property-for-sale-in-fairfax-road-teddington-tw11/161164,,,0,0,1,0,0,0,0,0,0,0,0,0,0,0,0,0,0,0,0,0,1
161164,Fairfax Road,1695000.0,"Teddington, TW11",4,2,2,https://www.dexters.co.uk/property-for-sale/property-for-sale-in-fairfax-road-teddington-tw11/161164,,,0,0,0,1,0,0,0,0,0,0,0,0,0,0,0,0,0,0,0,0,1
125152,Blythe Road,2000000.0,"Brook Green, W14",5,5,3,https://www.dexters.co.uk/property-for-sale/house-for-sale-in-blythe-road-london-w14/125152,Goldhawk Road,0.39,0,0,1,0,0,0,0,0,1,0,0,0,0,0,0,0,0,0,0,0,0
127059,Queensmere Road,2000000.0,"Wimbledon, SW19",5,3,3,https://www.dexters.co.uk/property-for-sale/property-for-sale-in-queensmere-road-london-sw19/127059,Southfields,0.73,0,0,1,0,0,0,0,0,0,0,1,0,0,0,0,0,0,0,0,0,0
128594,Stepney Green,2000000.0,"Stepney, E1",5,2,2,https://www.dexters.co.uk/property-for-sale/property-for-sale-in-stepney-green-london-e1/128594,Stepney Green,0.14,0,0,1,0,0,0,0,0,0,0,1,0,0,0,0,0,0,0,0,0,0
128594,Stepney Green,2000000.0,"Stepney, E1",5,2,2,https://www.dexters.co.uk/property-for-sale/property-for-sale-in-stepney-green-london-e1/128594,Stepney Green,0.14,0,0,0,1,0,0,0,0,0,0,1,0,0,0,0,0,0,0,0,0,0
150280,Stepney Green,1400000.0,"Stepney, E1",5,3,1,https://www.dexters.co.uk/property-for-sale/house-for-sale-in-stepney-green-london-e1/150280,Stepney Green,0.11,0,0,1,0,0,0,0,0,0,0,1,0,0,0,0,0,0,0,0,0,0
150280,Stepney Green,1400000.0,"Stepney, E1",5,3,1,https://www.dexters.co.uk/property-for-sale/house-for-sale-in-stepney-green-london-e1/150280,Stepney Green,0.11,0,0,0,1,0,0,0,0,0,0,1,0,0,0,0,0,0,0,0,0,0
129394,Layer Gardens,2000000.0,"Acton, W3",6,3,3,https://www.dexters.co.uk/property-for-sale/property-for-sale-in-layer-gardens-london-w3/129394,Ealing Common,0.26,0,0,0,1,0,0,0,0,0,0,1,0,0,0,0,0,0,0,0,0,0
152326,The Water Gardens,2000000.0,"Hyde Park, W2",2,0,1,https://www.dexters.co.uk/property-for-sale/flat-for-sale-in-the-water-gardens-london-w2/152326,Edgware Road,0.15,0,0,1,0,0,0,0,0,0,0,1,0,0,0,0,0,0,0,0,0,0
154969,Grafton Terrace,2000000.0,"Kentish Town, NW5",4,3,2,https://www.dexters.co.uk/property-for-sale/house-for-sale-in-grafton-terrace-london-nw5/154969,Chalk Farm,0.4,0,0,0,1,0,0,0,0,0,0,0,0,0,0,0,0,0,1,0,0,0
155567,Queens Road,2000000.0,"Wimbledon, SW19",6,3,4,https://www.dexters.co.uk/property-for-sale/property-for-sale-in-queens-road-london-sw19/155567,Wimbledon,0.28,0,0,1,0,0,0,0,0,0,0,1,0,0,0,0,0,0,0,0,0,0
155567,Queens Road,2000000.0,"Wimbledon, SW19",6,3,4,https://www.dexters.co.uk/property-for-sale/property-for-sale-in-queens-road-london-sw19/155567,Wimbledon,0.28,0,0,0,1,0,0,0,0,0,0,1,0,0,0,0,0,0,0,0,0,0
155567,Queens Road,2000000.0,"Wimbledon, SW19",6,3,4,https://www.dexters.co.uk/property-for-sale/property-for-sale-in-queens-road-london-sw19/155567,Wimbledon,0.28,0,0,0,1,0,0,0,0,0,0,1,0,0,0,0,0,0,0,0,0,0
158090,Queens Road,1999750.0,"Wimbledon, SW19",7,3,3,https://www.dexters.co.uk/property-for-sale/property-for-sale-in-queens-road-london-sw19/158090,Wimbledon,0.55,0,0,1,0,0,0,0,0,0,0,1,0,0,0,0,0,0,0,0,0,0
158090,Queens Road,1999750.0,"Wimbledon, SW19",7,3,3,https://www.dexters.co.uk/property-for-sale/property-for-sale-in-queens-road-london-sw19/158090,Wimbledon,0.55,0,0,0,1,0,0,0,0,0,0,1,0,0,0,0,0,0,0,0,0,0
158090,Queens Road,1999750.0,"Wimbledon, SW19",7,3,3,https://www.dexters.co.uk/property-for-sale/property-for-sale-in-queens-road-london-sw19/158090,Wimbledon,0.55,0,0,0,1,0,0,0,0,0,0,1,0,0,0,0,0,0,0,0,0,0
158039,Queens Road,1950000.0,"Wimbledon, SW19",6,2,3,https://www.dexters.co.uk/property-for-sale/property-for-sale-in-queens-road-london-sw19/158039,Wimbledon,0.26,0,0,1,0,0,0,0,0,0,0,1,0,0,0,0,0,0,0,0,0,0
158039,Queens Road,1950000.0,"Wimbledon, SW19",6,2,3,https://www.dexters.co.uk/property-for-sale/property-for-sale-in-queens-road-london-sw19/158039,Wimbledon,0.26,0,0,0,1,0,0,0,0,0,0,1,0,0,0,0,0,0,0,0,0,0
158039,Queens Road,1950000.0,"Wimbledon, SW19",6,2,3,https://www.dexters.co.uk/property-for-sale/property-for-sale-in-queens-road-london-sw19/158039,Wimbledon,0.26,0,0,0,1,0,0,0,0,0,0,1,0,0,0,0,0,0,0,0,0,0
155849,Johns Mews,2000000.0,"Bloomsbury, WC1N",3,0,2,https://www.dexters.co.uk/property-for-sale/house-for-sale-in-johns-mews-london-wc1n/155849,Chancery Lane,0.29,0,0,1,0,0,0,0,0,0,0,0,0,0,0,0,0,0,0,1,0,0
159829,Murray Mews,2000000.0,"London, NW1",4,2,1,https://www.dexters.co.uk/property-for-sale/house-for-sale-in-murray-mews-london-nw1/159829,Caledonian Road,0.56,0,0,0,1,0,0,0,0,0,0,0,0,0,0,0,0,0,0,1,0,0
161280,Cornwall Terrace Mews,2000000.0,"Marylebone, NW1",2,2,1,https://www.dexters.co.uk/property-for-sale/property-for-sale-in-cornwall-terrace-mews-london-nw1/161280,Baker Street,0.13,0,0,0,1,0,0,1,0,0,0,0,0,0,0,0,0,0,0,0,0,0
161459,Langland Gardens,2000000.0,"Hampstead, NW3",3,2,1,https://www.dexters.co.uk/property-for-sale/flat-for-sale-in-langland-gardens-london-nw3/161459,Finchley Road,0.38,0,0,0,1,0,0,0,0,0,0,0,0,1,0,0,0,0,0,0,0,0
125767,Prince Albert Road,1999950.0,"St John's Wood, NW8",3,2,1,https://www.dexters.co.uk/property-for-sale/flat-for-sale-in-prince-albert-road-london-nw8/125767,St.John's Wood,0.37,0,0,1,0,0,0,0,0,0,0,0,0,1,0,0,0,0,0,0,0,0
151775,Park Road,1995000.0,"Teddington, TW11",5,2,3,https://www.dexters.co.uk/property-for-sale/house-for-sale-in-park-road-teddington-tw11/151775,,,0,0,0,1,0,0,0,0,0,0,0,0,0,0,0,0,0,0,0,0,1
151775,Park Road,1995000.0,"Teddington, TW11",5,2,3,https://www.dexters.co.uk/property-for-sale/house-for-sale-in-park-road-teddington-tw11/151775,,,0,0,0,1,0,0,0,0,0,0,0,0,0,0,0,0,0,0,0,0,1
152327,Park Road,1350000.0,"St John's Wood, NW8",2,2,1,https://www.dexters.co.uk/property-for-sale/flat-for-sale-in-park-road-london-nw8/152327,Marylebone,0.38,0,0,0,1,0,0,1,0,0,0,0,0,0,0,0,0,0,0,0,0,0
152327,Park Road,1350000.0,"St John's Wood, NW8",2,2,1,https://www.dexters.co.uk/property-for-sale/flat-for-sale-in-park-road-london-nw8/152327,Marylebone,0.38,0,0,0,1,0,0,1,0,0,0,0,0,0,0,0,0,0,0,0,0,0
159864,Stanley Road,1995000.0,"Teddington, TW11",6,3,2,https://www.dexters.co.uk/property-for-sale/house-for-sale-in-stanley-road-teddington-tw11/159864,,,0,0,0,1,0,0,0,0,0,0,0,0,0,0,0,0,0,0,0,0,1
159864,Stanley Road,1995000.0,"Teddington, TW11",6,3,2,https://www.dexters.co.uk/property-for-sale/house-for-sale-in-stanley-road-teddington-tw11/159864,,,0,0,0,1,0,0,0,0,0,0,0,0,0,0,0,0,0,0,0,0,1
159864,Stanley Road,1995000.0,"Teddington, TW11",6,3,2,https://www.dexters.co.uk/property-for-sale/house-for-sale-in-stanley-road-teddington-tw11/159864,,,1,1,0,0,0,0,0,0,0,0,0,0,0,0,0,0,0,0,0,0,1
153406,Stanley Road,1675000.0,"Teddington, TW11",5,3,3,https://www.dexters.co.uk/property-for-sale/property-for-sale-in-stanley-road-teddington-tw11/153406,,,0,0,0,1,0,0,0,0,0,0,0,0,0,0,0,0,0,0,0,0,1
153406,Stanley Road,1675000.0,"Teddington, TW11",5,3,3,https://www.dexters.co.uk/property-for-sale/property-for-sale-in-stanley-road-teddington-tw11/153406,,,0,0,0,1,0,0,0,0,0,0,0,0,0,0,0,0,0,0,0,0,1
153406,Stanley Road,1675000.0,"Teddington, TW11",5,3,3,https://www.dexters.co.uk/property-for-sale/property-for-sale-in-stanley-road-teddington-tw11/153406,,,1,1,0,0,0,0,0,0,0,0,0,0,0,0,0,0,0,0,0,0,1
153405,Stanley Road,1349950.0,"Teddington, TW11",5,3,2,https://www.dexters.co.uk/property-for-sale/house-for-sale-in-stanley-road-teddington-tw11/153405,,,0,0,0,1,0,0,0,0,0,0,0,0,0,0,0,0,0,0,0,0,1
153405,Stanley Road,1349950.0,"Teddington, TW11",5,3,2,https://www.dexters.co.uk/property-for-sale/house-for-sale-in-stanley-road-teddington-tw11/153405,,,0,0,0,1,0,0,0,0,0,0,0,0,0,0,0,0,0,0,0,0,1
153405,Stanley Road,1349950.0,"Teddington, TW11",5,3,2,https://www.dexters.co.uk/property-for-sale/house-for-sale-in-stanley-road-teddington-tw11/153405,,,1,1,0,0,0,0,0,0,0,0,0,0,0,0,0,0,0,0,0,0,1
152931,Sidmouth Road,1990000.0,"Brondesbury, NW2",7,7,2,https://www.dexters.co.uk/property-for-sale/property-for-sale-in-sidmouth-road-london-nw2/152931,Willesden Green,0.4,0,0,0,1,0,0,0,0,0,0,0,0,1,0,0,0,0,0,0,0,0
98844,Buckingham Gate,1975000.0,"Westminster, SW1E",3,3,1,https://www.dexters.co.uk/property-for-sale/flat-for-sale-in-buckingham-gate-london-sw1e/98844,St.James's Park,0.21,0,0,1,0,0,0,0,0,1,0,0,0,0,0,0,0,0,0,0,0,0
157746,Porchester Place,1950000.0,"Hyde Park, W2",5,3,2,https://www.dexters.co.uk/property-for-sale/property-for-sale-in-porchester-place-london-w2/157746,Edgware Road,0.31,0,0,1,0,0,0,0,0,0,0,1,0,0,0,0,0,0,0,0,0,0
161493,Woodside,1950000.0,"Wimbledon, SW19",5,3,4,https://www.dexters.co.uk/property-for-sale/property-for-sale-in-woodside-london-sw19/161493,District Wimbledon,0.16,0,0,0,1,0,0,0,0,0,0,1,0,0,0,0,0,0,0,0,0,0
146256,Brecknock Road,1900000.0,"Tufnell Park, N19",4,3,2,https://www.dexters.co.uk/property-for-sale/house-for-sale-in-brecknock-road-london-n19/146256,Southeastern Leyton,0.34,0,0,0,1,0,0,0,1,0,0,0,0,0,0,0,0,0,0,0,0,0
147827,North Mews,1900000.0,"Bloomsbury, WC1N",3,3,1,https://www.dexters.co.uk/property-for-sale/property-for-sale-in-north-mews-london-wc1n/147827,Chancery Lane,0.32,0,0,1,0,0,0,0,0,0,0,0,0,0,0,0,0,0,0,1,0,0
155214,Chestnut Avenue,1895000.0,"Hampton, TW12",6,3,2,https://www.dexters.co.uk/property-for-sale/house-for-sale-in-chestnut-avenue-hampton-tw12/155214,,,0,0,0,1,0,0,0,0,0,0,0,0,0,0,0,0,0,0,0,0,1
155971,Elystan Place,1895000.0,"Chelsea, SW3",3,2,1,https://www.dexters.co.uk/property-for-sale/flat-for-sale-in-elystan-place-london-sw3/155971,Sloane Square,0.33,0,0,0,1,0,0,0,0,0,0,1,0,0,0,0,0,0,0,0,0,0
159134,Camberwell Grove,1895000.0,"Camberwell, SE5",4,4,2,https://www.dexters.co.uk/property-for-sale/house-for-sale-in-camberwell-grove-london-se5/159134,,,0,0,0,1,0,0,0,0,0,0,0,0,0,0,0,0,0,0,0,0,1
159130,Danvers Street,1875000.0,"Chelsea, SW3",4,2,1,https://www.dexters.co.uk/property-for-sale/flat-for-sale-in-danvers-street-london-sw3/159130,South Kensington,0.75,0,0,0,1,0,0,0,0,0,0,1,0,0,0,0,0,0,0,0,0,0
140590,Hoxton Square,1850000.0,"Hoxton, N1",3,0,2,https://www.dexters.co.uk/property-for-sale/flat-for-sale-in-hoxton-square-london-n1/140590,Old Street,0.27,0,0,1,0,0,0,0,0,0,0,0,0,0,0,0,0,0,1,0,0,0
151369,Kinnaird Avenue,1850000.0,"Chiswick, W4",5,4,2,https://www.dexters.co.uk/property-for-sale/property-for-sale-in-kinnaird-avenue-london-w4/151369,Kew Gardens,0.66,0,0,0,0,1,0,0,0,0,0,0,0,0,1,0,0,0,0,0,0,0
152191,Marylands Road,1850000.0,"Maida Vale, W9",7,8,8,https://www.dexters.co.uk/property-for-sale/property-for-sale-in-marylands-road-maida-vale-w9/152191,Westbourne Park,0.34,0,0,0,1,0,0,0,0,1,0,0,0,0,0,0,0,0,0,0,0,0
154705,Marylebone High Street,1850000.0,"Marylebone, W1U",2,0,1,https://www.dexters.co.uk/property-for-sale/flat-for-sale-in-marylebone-high-street-london-w1u/154705,Baker Street,0.3,0,0,1,0,0,0,1,0,0,0,0,0,0,0,0,0,0,0,0,0,0
159011,Hereford Road,1850000.0,"Notting Hill, W2",3,2,1,https://www.dexters.co.uk/property-for-sale/flat-for-sale-in-hereford-road-london-w2/159011,Hammersmith & City Bayswater,0.31,0,0,1,0,0,0,0,0,0,0,1,0,0,0,0,0,0,0,0,0,0
160943,Bolton Gardens,1850000.0,"Teddington, TW11",5,3,2,https://www.dexters.co.uk/property-for-sale/property-for-sale-in-bolton-gardens-teddington-tw11/160943,,,0,0,0,1,0,0,0,0,0,0,0,0,0,0,0,0,0,0,0,0,1
120188,Prince Edward Road,1800000.0,"Hackney Wick, E9",4,3,3,https://www.dexters.co.uk/property-for-sale/house-for-sale-in-prince-edward-road-london-e9/120188,Stratford International,0.73,1,1,0,0,0,0,0,0,0,1,0,0,0,0,0,0,0,0,0,0,0
140198,Rosslyn Mews,1800000.0,"Hampstead Village, NW3",3,2,2,https://www.dexters.co.uk/property-for-sale/flat-for-sale-in-rosslyn-mews-london-nw3/140198,Hampstead,0.24,0,0,0,1,0,0,0,0,0,0,0,0,0,0,0,0,0,1,0,0,0
150151,Montague Road,1800000.0,"Rosebery Villas, SW19",4,5,1,https://www.dexters.co.uk/property-for-sale/property-for-sale-in-montague-road-london-sw19/150151,South Wimbledon,0.19,0,0,1,0,0,0,0,0,0,0,0,0,0,0,0,0,0,1,0,0,0
150151,Montague Road,1800000.0,"Rosebery Villas, SW19",4,5,1,https://www.dexters.co.uk/property-for-sale/property-for-sale-in-montague-road-london-sw19/150151,South Wimbledon,0.19,0,0,1,0,0,0,0,0,0,0,0,0,0,0,0,0,0,1,0,0,0
150151,Montague Road,1800000.0,"Rosebery Villas, SW19",4,5,1,https://www.dexters.co.uk/property-for-sale/property-for-sale-in-montague-road-london-sw19/150151,South Wimbledon,0.19,0,0,1,0,0,0,0,0,0,0,0,0,0,0,0,0,0,1,0,0,0
150151,Montague Road,1800000.0,"Rosebery Villas, SW19",4,5,1,https://www.dexters.co.uk/property-for-sale/property-for-sale-in-montague-road-london-sw19/150151,South Wimbledon,0.19,0,0,0,1,0,0,0,0,0,0,0,0,0,0,0,0,0,1,0,0,0
150151,Montague Road,1800000.0,"Rosebery Villas, SW19",4,5,1,https://www.dexters.co.uk/property-for-sale/property-for-sale-in-montague-road-london-sw19/150151,South Wimbledon,0.19,0,0,0,1,0,0,0,0,0,0,0,0,0,0,0,0,0,1,0,0,0
150253,Montague Road,1800000.0,"Rosebery Villas, SW19",4,5,1,https://www.dexters.co.uk/property-for-sale/property-for-sale-in-montague-road-london-sw19/150253,South Wimbledon,0.21,0,0,1,0,0,0,0,0,0,0,0,0,0,0,0,0,0,1,0,0,0
150253,Montague Road,1800000.0,"Rosebery Villas, SW19",4,5,1,https://www.dexters.co.uk/property-for-sale/property-for-sale-in-montague-road-london-sw19/150253,South Wimbledon,0.21,0,0,1,0,0,0,0,0,0,0,0,0,0,0,0,0,0,1,0,0,0
150253,Montague Road,1800000.0,"Rosebery Villas, SW19",4,5,1,https://www.dexters.co.uk/property-for-sale/property-for-sale-in-montague-road-london-sw19/150253,South Wimbledon,0.21,0,0,1,0,0,0,0,0,0,0,0,0,0,0,0,0,0,1,0,0,0
150253,Montague Road,1800000.0,"Rosebery Villas, SW19",4,5,1,https://www.dexters.co.uk/property-for-sale/property-for-sale-in-montague-road-london-sw19/150253,South Wimbledon,0.21,0,0,0,1,0,0,0,0,0,0,0,0,0,0,0,0,0,1,0,0,0
150253,Montague Road,1800000.0,"Rosebery Villas, SW19",4,5,1,https://www.dexters.co.uk/property-for-sale/property-for-sale-in-montague-road-london-sw19/150253,South Wimbledon,0.21,0,0,0,1,0,0,0,0,0,0,0,0,0,0,0,0,0,1,0,0,0
150564,Montague Road,1700000.0,"Rosebery Villas, SW19",4,4,1,https://www.dexters.co.uk/property-for-sale/property-for-sale-in-montague-road-london-sw19/150564,South Wimbledon,0.26,0,0,1,0,0,0,0,0,0,0,0,0,0,0,0,0,0,1,0,0,0
150564,Montague Road,1700000.0,"Rosebery Villas, SW19",4,4,1,https://www.dexters.co.uk/property-for-sale/property-for-sale-in-montague-road-london-sw19/150564,South Wimbledon,0.26,0,0,1,0,0,0,0,0,0,0,0,0,0,0,0,0,0,1,0,0,0
150564,Montague Road,1700000.0,"Rosebery Villas, SW19",4,4,1,https://www.dexters.co.uk/property-for-sale/property-for-sale-in-montague-road-london-sw19/150564,South Wimbledon,0.26,0,0,1,0,0,0,0,0,0,0,0,0,0,0,0,0,0,1,0,0,0
150564,Montague Road,1700000.0,"Rosebery Villas, SW19",4,4,1,https://www.dexters.co.uk/property-for-sale/property-for-sale-in-montague-road-london-sw19/150564,South Wimbledon,0.26,0,0,0,1,0,0,0,0,0,0,0,0,0,0,0,0,0,1,0,0,0
150564,Montague Road,1700000.0,"Rosebery Villas, SW19",4,4,1,https://www.dexters.co.uk/property-for-sale/property-for-sale-in-montague-road-london-sw19/150564,South Wimbledon,0.26,0,0,0,1,0,0,0,0,0,0,0,0,0,0,0,0,0,1,0,0,0
160626,Montague Road,1700000.0,"Rosebery Villas, SW19",4,4,1,https://www.dexters.co.uk/property-for-sale/property-for-sale-in-montague-road-london-sw19/160626,South Wimbledon,0.21,0,0,1,0,0,0,0,0,0,0,0,0,0,0,0,0,0,1,0,0,0
160626,Montague Road,1700000.0,"Rosebery Villas, SW19",4,4,1,https://www.dexters.co.uk/property-for-sale/property-for-sale-in-montague-road-london-sw19/160626,South Wimbledon,0.21,0,0,1,0,0,0,0,0,0,0,0,0,0,0,0,0,0,1,0,0,0
160626,Montague Road,1700000.0,"Rosebery Villas, SW19",4,4,1,https://www.dexters.co.uk/property-for-sale/property-for-sale-in-montague-road-london-sw19/160626,South Wimbledon,0.21,0,0,1,0,0,0,0,0,0,0,0,0,0,0,0,0,0,1,0,0,0
160626,Montague Road,1700000.0,"Rosebery Villas, SW19",4,4,1,https://www.dexters.co.uk/property-for-sale/property-for-sale-in-montague-road-london-sw19/160626,South Wimbledon,0.21,0,0,0,1,0,0,0,0,0,0,0,0,0,0,0,0,0,1,0,0,0
160626,Montague Road,1700000.0,"Rosebery Villas, SW19",4,4,1,https://www.dexters.co.uk/property-for-sale/property-for-sale-in-montague-road-london-sw19/160626,South Wimbledon,0.21,0,0,0,1,0,0,0,0,0,0,0,0,0,0,0,0,0,1,0,0,0
157317,Montague Road,1495000.0,"Richmond, TW10",3,2,1,https://www.dexters.co.uk/property-for-sale/flat-for-sale-in-montague-road-richmond-tw10/157317,Richmond,0.48,0,0,1,0,0,0,0,0,0,0,1,0,0,0,0,0,0,0,0,0,0
157317,Montague Road,1495000.0,"Richmond, TW10",3,2,1,https://www.dexters.co.uk/property-for-sale/flat-for-sale-in-montague-road-richmond-tw10/157317,Richmond,0.48,0,0,1,0,0,0,0,0,0,0,1,0,0,0,0,0,0,0,0,0,0
157317,Montague Road,1495000.0,"Richmond, TW10",3,2,1,https://www.dexters.co.uk/property-for-sale/flat-for-sale-in-montague-road-richmond-tw10/157317,Richmond,0.48,0,0,1,0,0,0,0,0,0,0,1,0,0,0,0,0,0,0,0,0,0
157317,Montague Road,1495000.0,"Richmond, TW10",3,2,1,https://www.dexters.co.uk/property-for-sale/flat-for-sale-in-montague-road-richmond-tw10/157317,Richmond,0.48,0,0,0,1,0,0,0,0,0,0,1,0,0,0,0,0,0,0,0,0,0
157317,Montague Road,1495000.0,"Richmond, TW10",3,2,1,https://www.dexters.co.uk/property-for-sale/flat-for-sale-in-montague-road-richmond-tw10/157317,Richmond,0.48,0,0,0,1,0,0,0,0,0,0,1,0,0,0,0,0,0,0,0,0,0
160949,Salcott Road,1799999.0,"Battersea, SW11",3,3,3,https://www.dexters.co.uk/property-for-sale/house-for-sale-in-salcott-road-london-sw11/160949,Clapham South,0.82,0,0,0,1,0,0,0,0,0,0,0,0,0,0,0,0,0,1,0,0,0
154384,Fairlawn Grove,1795000.0,"Chiswick, W4",5,3,3,https://www.dexters.co.uk/property-for-sale/house-for-sale-in-fairlawn-grove-london-w4/154384,Chiswick Park,0.11,0,0,0,1,0,0,0,0,0,0,0,0,0,0,1,0,0,0,0,0,0
155292,Marlborough Place,1795000.0,"St John's Wood, NW8",3,3,1,https://www.dexters.co.uk/property-for-sale/flat-for-sale-in-marlborough-place-london-nw8/155292,St.John's Wood,0.14,0,0,1,0,0,0,0,0,0,0,0,0,1,0,0,0,0,0,0,0,0
159355,Draycott Place,1795000.0,"Chelsea, SW3",2,2,1,https://www.dexters.co.uk/property-for-sale/flat-for-sale-in-draycott-place-london-sw3/159355,Sloane Square,0.22,0,0,1,0,0,0,0,0,0,0,1,0,0,0,0,0,0,0,0,0,0
161644,Portland Road,1795000.0,"Holland Park, W11",2,2,1,https://www.dexters.co.uk/property-for-sale/flat-for-sale-in-portland-road-london-w11/161644,Holland Park,0.17,0,0,0,1,0,0,0,1,0,0,0,0,0,0,0,0,0,0,0,0,0
159598,Elm Crescent,1780000.0,"Ealing, W5",5,2,2,https://www.dexters.co.uk/property-for-sale/property-for-sale-in-elm-crescent-london-w5/159598,Ealing Common,0.38,0,0,0,0,1,0,0,0,0,0,1,0,0,0,0,0,0,0,0,0,0
153824,Lansdowne Gardens,1759000.0,"South Lambeth, SW8",6,6,4,https://www.dexters.co.uk/property-for-sale/house-for-sale-in-lansdowne-gardens-london-sw8/153824,0.29m Stockwell,0.32,0,0,0,0,1,0,0,0,0,0,0,0,0,0,0,0,0,1,0,0,0
148277,Culford Gardens,1750000.0,"Chelsea, SW3",2,2,1,https://www.dexters.co.uk/property-for-sale/flat-for-sale-in-culford-gardens-london-sw3/148277,Sloane Square,0.17,0,0,0,1,0,0,0,0,0,0,1,0,0,0,0,0,0,0,0,0,0
151163,De Walden Street,1750000.0,"Marylebone, W1G",2,2,1,https://www.dexters.co.uk/property-for-sale/flat-for-sale-in-de-walden-street-london-w1g/151163,Baker Street,0.32,0,0,0,0,1,0,1,0,0,0,0,0,0,0,0,0,0,0,0,0,0
152093,Bergholt Crescent,1750000.0,"Stoke Newington, N16",5,3,2,https://www.dexters.co.uk/property-for-sale/house-for-sale-in-bergholt-crescent-london-n16/152093,,,0,0,0,1,0,0,0,0,0,0,0,0,0,0,0,0,0,0,0,0,1
152408,Junction Place,1750000.0,"Paddington, W2",3,2,1,https://www.dexters.co.uk/property-for-sale/property-for-sale-in-junction-place-london-w2/152408,Edgware Road,0.18,0,0,1,0,0,0,0,0,0,0,1,0,0,0,0,0,0,0,0,0,0
153437,Chetwynd Road,1750000.0,"Dartmouth Park, NW5",4,2,2,https://www.dexters.co.uk/property-for-sale/house-for-sale-in-chetwynd-road-london-nw5/153437,Tufnell Park,0.21,0,0,0,1,0,0,0,0,0,0,0,0,0,0,0,0,0,1,0,0,0
154698,Preston Close,1750000.0,"Strawberry Hill, TW2",6,3,2,https://www.dexters.co.uk/property-for-sale/property-for-sale-in-preston-close-strawberry-hill-tw2/154698,,,0,0,1,0,0,0,0,0,0,0,0,0,0,0,0,0,0,0,0,0,1
157329,Englewood Road,1750000.0,"Clapham South, SW12",5,3,2,https://www.dexters.co.uk/property-for-sale/property-for-sale-in-englewood-road-london-sw12/157329,Clapham South,0.12,0,0,0,1,0,0,0,0,0,0,0,0,0,0,0,0,0,1,0,0,0
158297,Matthew Parker Street,1750000.0,"Westminster, SW1H",2,2,1,https://www.dexters.co.uk/property-for-sale/flat-for-sale-in-matthew-parker-street-london-sw1h/158297,St.James's Park,0.16,0,0,1,0,0,0,0,0,1,0,0,0,0,0,0,0,0,0,0,0,0
158597,Chamberlayne Road,1750000.0,"Brondesbury Park, NW10",5,3,2,https://www.dexters.co.uk/property-for-sale/house-for-sale-in-chamberlayne-road-london-nw10/158597,Willesden Green,0.63,0,0,0,1,0,0,0,0,0,0,0,0,1,0,0,0,0,0,0,0,0
158630,Belsize Park Gardens,1750000.0,"Belsize Park, NW3",3,2,2,https://www.dexters.co.uk/property-for-sale/flat-for-sale-in-belsize-park-gardens-london-nw3/158630,Belsize Park,0.22,0,0,0,1,0,0,0,0,0,0,0,0,0,0,0,0,0,1,0,0,0
159589,Leppoc Road,1750000.0,"Clapham, SW4",5,2,2,https://www.dexters.co.uk/property-for-sale/house-for-sale-in-leppoc-road-london-sw4/159589,Clapham Common,0.42,0,0,0,1,0,0,0,0,0,0,0,0,0,0,0,0,0,1,0,0,0
161386,Shepherds Hill,1750000.0,"Highgate, N6",5,2,3,https://www.dexters.co.uk/property-for-sale/house-for-sale-in-shepherds-hill-london-n6/161386,Highgate,0.22,0,0,0,1,0,0,0,0,0,0,0,0,0,0,0,0,0,1,0,0,0
138875,Crawford Place,1700000.0,"Marylebone, W1H",3,2,2,https://www.dexters.co.uk/property-for-sale/house-for-sale-in-crawford-place-london-w1h/138875,Edgware Road,0.15,0,0,1,0,0,0,0,0,0,0,1,0,0,0,0,0,0,0,0,0,0
152702,Kenyon Street,1700000.0,"Fulham, SW6",4,3,2,https://www.dexters.co.uk/property-for-sale/house-for-sale-in-kenyon-street-london-sw6/152702,Putney Bridge,0.84,0,0,0,1,0,0,0,0,0,0,1,0,0,0,0,0,0,0,0,0,0
159029,Clareville Street,1700000.0,"South Kensington, SW7",2,0,2,https://www.dexters.co.uk/property-for-sale/house-for-sale-in-clareville-street-london-sw7/159029,Gloucester Road,0.25,0,0,0,1,0,0,0,0,0,0,1,0,0,0,0,0,0,0,0,0,0
160285,Solent Road,1700000.0,"West Hampstead, NW6",4,3,2,https://www.dexters.co.uk/property-for-sale/house-for-sale-in-solent-road-london-nw6/160285,West Hampstead,0.31,0,0,0,1,0,0,0,0,0,0,0,0,0,0,1,0,0,0,0,0,0
140388,Endell Street,1695000.0,"Covent Garden, WC2H",3,2,1,https://www.dexters.co.uk/property-for-sale/flat-for-sale-in-endell-street-london-wc2h/140388,Covent Garden,0.16,0,0,0,1,0,0,0,0,0,0,0,0,0,0,0,0,0,0,1,0,0
141057,Chapter Street,1695000.0,"Pimlico, SW1P",3,2,1,https://www.dexters.co.uk/property-for-sale/flat-for-sale-in-chapter-street-london-sw1p/141057,Pimlico,0.19,0,0,1,0,0,0,0,0,0,0,0,0,0,0,0,0,0,0,0,1,0
149854,Arlington Gardens,1695000.0,"Chiswick, W4",5,2,2,https://www.dexters.co.uk/property-for-sale/house-for-sale-in-arlington-gardens-london-w4/149854,Chiswick Park,0.18,0,0,0,1,0,0,0,0,0,0,0,0,0,0,1,0,0,0,0,0,0
155627,Sydney Street,1695000.0,"Chelsea, SW3",3,2,1,https://www.dexters.co.uk/property-for-sale/flat-for-sale-in-sydney-street-london-sw3/155627,South Kensington,0.4,0,0,0,1,0,0,0,0,0,0,1,0,0,0,0,0,0,0,0,0,0
159043,Twyford Avenue,1695000.0,"Acton, W3",5,3,3,https://www.dexters.co.uk/property-for-sale/property-for-sale-in-twyford-avenue-london-w3/159043,Ealing Common,0.3,0,0,0,1,0,0,0,0,0,0,1,0,0,0,0,0,0,0,0,0,0
159604,Wilkinson Street,1695000.0,"South Lambeth, SW8",4,2,1,https://www.dexters.co.uk/property-for-sale/house-for-sale-in-wilkinson-street-london-sw8/159604,0.38m Stockwell,0.42,0,0,0,1,0,0,0,0,0,0,0,0,0,0,0,0,0,1,0,0,0
159604,Wilkinson Street,1695000.0,"South Lambeth, SW8",4,2,1,https://www.dexters.co.uk/property-for-sale/house-for-sale-in-wilkinson-street-london-sw8/159604,0.38m Stockwell,0.42,0,0,0,1,0,0,0,0,0,0,0,0,0,0,0,0,0,1,0,0,0
158505,Wilkinson Street,1475000.0,"South Lambeth, SW8",4,2,1,https://www.dexters.co.uk/property-for-sale/house-for-sale-in-wilkinson-street-london-sw8/158505,0.39m Stockwell,0.41,0,0,0,1,0,0,0,0,0,0,0,0,0,0,0,0,0,1,0,0,0
158505,Wilkinson Street,1475000.0,"South Lambeth, SW8",4,2,1,https://www.dexters.co.uk/property-for-sale/house-for-sale-in-wilkinson-street-london-sw8/158505,0.39m Stockwell,0.41,0,0,0,1,0,0,0,0,0,0,0,0,0,0,0,0,0,1,0,0,0
159662,Wakehurst Road,1695000.0,"Battersea, SW11",4,2,2,https://www.dexters.co.uk/property-for-sale/house-for-sale-in-wakehurst-road-london-sw11/159662,Clapham South,0.91,0,0,0,1,0,0,0,0,0,0,0,0,0,0,0,0,0,1,0,0,0
160568,Spencer Road,1695000.0,"Strawberry Hill, TW2",4,2,2,https://www.dexters.co.uk/property-for-sale/property-for-sale-in-spencer-road-strawberry-hill-tw2/160568,,,0,0,0,1,0,0,0,0,0,0,0,0,0,0,0,0,0,0,0,0,1
156302,Callow Street,1675000.0,"Chelsea, SW3",3,2,1,https://www.dexters.co.uk/property-for-sale/flat-for-sale-in-callow-street-london-sw3/156302,South Kensington,0.61,0,0,0,1,0,0,0,0,0,0,1,0,0,0,0,0,0,0,0,0,0
157363,Chelverton Road,1675000.0,"Putney, SW15",6,0,2,https://www.dexters.co.uk/property-for-sale/property-for-sale-in-chelverton-road-london-sw15/157363,East Putney,0.47,0,0,0,1,0,0,0,0,0,0,1,0,0,0,0,0,0,0,0,0,0
158584,Salisbury Road,1675000.0,"Wimbledon, SW19",5,3,2,https://www.dexters.co.uk/property-for-sale/property-for-sale-in-salisbury-road-london-sw19/158584,Wimbledon,0.4,0,0,0,1,0,0,0,0,0,0,1,0,0,0,0,0,0,0,0,0,0
131740,Beverley Way,1650000.0,"West Wimbledon, SW20",5,4,2,https://www.dexters.co.uk/property-for-sale/property-for-sale-in-beverley-way-london-sw20/131740,,,0,0,1,0,0,0,0,0,0,0,0,0,0,0,0,0,0,0,0,0,1
132039,Park Walk,1650000.0,"Chelsea, SW10",2,2,1,https://www.dexters.co.uk/property-for-sale/flat-for-sale-in-park-walk-london-sw10/132039,Gloucester Road,0.66,1,1,0,0,0,0,0,0,0,0,1,0,0,0,0,0,0,0,0,0,0
140315,Muswell Hill Road,1650000.0,"Muswell Hill, N10",5,0,2,https://www.dexters.co.uk/property-for-sale/house-for-sale-in-muswell-hill-road-london-n10/140315,First Capital Connect Highgate,0.48,0,0,0,1,0,0,0,0,0,0,0,0,0,0,0,0,0,1,0,0,0
150061,Victorian Grove,1650000.0,"Islington, N16",4,2,2,https://www.dexters.co.uk/property-for-sale/house-for-sale-in-victorian-grove-london-n16/150061,,,0,0,1,0,0,0,0,0,0,0,0,0,0,0,0,0,0,0,0,0,1
156792,Freegrove Road,1650000.0,"Hillmarton Conservation Area, N7",3,2,2,https://www.dexters.co.uk/property-for-sale/property-for-sale-in-freegrove-road-london-n7/156792,Holloway Road,0.28,0,0,0,1,0,0,0,0,0,0,0,0,0,0,0,0,0,0,1,0,0
157060,Hyde Park Place,1650000.0,"Hyde Park, W2",3,2,1,https://www.dexters.co.uk/property-for-sale/flat-for-sale-in-hyde-park-place-london-w2/157060,Marble Arch,0.34,0,0,1,0,0,0,0,1,0,0,0,0,0,0,0,0,0,0,0,0,0
161304,Whitehall Court,1650000.0,"Whitehall Court, SW1A",2,2,1,https://www.dexters.co.uk/property-for-sale/flat-for-sale-in-whitehall-court-london-sw1a/161304,Piccadilly Embankment,0.13,0,0,1,0,0,0,1,0,0,0,0,0,0,0,0,0,0,0,0,0,0
161321,Beaumont Mews,1650000.0,"Kentish Town, NW5",4,3,1,https://www.dexters.co.uk/property-for-sale/house-for-sale-in-beaumont-mews-london-nw5/161321,Kentish Town,0.39,1,1,0,0,0,0,0,0,0,0,0,0,0,0,0,0,0,1,0,0,0
151271,Langler Road,1625000.0,"Kensal Rise, NW10",4,3,2,https://www.dexters.co.uk/property-for-sale/house-for-sale-in-langler-road-london-nw10/151271,Kensal Green,0.2,0,0,0,1,0,0,1,0,0,0,0,0,0,0,0,0,0,0,0,0,0
159190,Leverton Place,1625000.0,"Kentish Town, NW5",4,3,1,https://www.dexters.co.uk/property-for-sale/property-for-sale-in-leverton-place-london-nw5/159190,Kentish Town,0.07,0,0,0,0,1,0,0,0,0,0,0,0,0,0,0,0,0,1,0,0,0
157383,Balvaird Place,1600000.0,"London, SW1V",3,3,1,https://www.dexters.co.uk/property-for-sale/house-for-sale-in-balvaird-place-london-sw1v/157383,0.74m Pimlico,0.15,0,0,0,1,0,0,0,0,0,0,0,0,0,0,0,0,0,0,0,1,0
159046,Southgate Road,1600000.0,"Islington, N1",4,3,2,https://www.dexters.co.uk/property-for-sale/house-for-sale-in-southgate-road-london-n1/159046,,,0,0,1,0,0,0,0,0,0,0,0,0,0,0,0,0,0,0,0,0,1
150861,Hortensia Road,1595000.0,"Chelsea, SW10",3,3,1,https://www.dexters.co.uk/property-for-sale/flat-for-sale-in-hortensia-road-london-sw10/150861,Fulham Broadway,0.41,1,1,0,0,0,0,0,0,0,0,1,0,0,0,0,0,0,0,0,0,0
156244,Gloucester Road,1595000.0,"Hampton, TW12",5,3,3,https://www.dexters.co.uk/property-for-sale/property-for-sale-in-gloucester-road-hampton-tw12/156244,,,0,0,1,0,0,0,0,0,0,0,0,0,0,0,0,0,0,0,0,0,1
159207,Clapham Road,1595000.0,"Stockwell, SW9",4,4,2,https://www.dexters.co.uk/property-for-sale/house-for-sale-in-clapham-road-london-sw9/159207,Oval,0.28,0,0,1,0,0,0,0,0,0,0,0,0,0,0,0,0,0,1,0,0,0
159817,Cairnfield Avenue,1595000.0,"Neasden, NW2",4,4,1,https://www.dexters.co.uk/property-for-sale/property-for-sale-in-cairnfield-avenue-london-nw2/159817,Metropolitan Neasden,0.44,0,0,0,1,0,0,0,0,0,0,0,0,1,0,0,0,0,0,0,0,0
160135,Warwick Gardens,1595000.0,"Kensington, W14",3,2,1,https://www.dexters.co.uk/property-for-sale/flat-for-sale-in-warwick-gardens-london-w14/160135,West Kensington,0.35,0,0,0,1,0,0,0,0,0,0,1,0,0,0,0,0,0,0,0,0,0
161631,Wymond Street,1595000.0,"Putney, SW15",4,2,1,https://www.dexters.co.uk/property-for-sale/house-for-sale-in-wymond-street-london-sw15/161631,Putney Bridge,0.7,0,0,0,1,0,0,0,0,0,0,1,0,0,0,0,0,0,0,0,0,0
157873,Chepstow Road,1590000.0,"Notting Hill, W2",2,2,1,https://www.dexters.co.uk/property-for-sale/flat-for-sale-in-chepstow-road-london-w2/157873,Hammersmith & City Bayswater,0.37,0,0,0,1,0,0,0,0,0,0,1,0,0,0,0,0,0,0,0,0,0
155333,Stormont Road,1570000.0,"Battersea, SW11",5,3,2,https://www.dexters.co.uk/property-for-sale/house-for-sale-in-stormont-road-london-sw11/155333,Clapham South,0.73,0,0,0,1,0,0,0,0,0,0,0,0,0,0,0,0,0,1,0,0,0
152301,Herbert Gardens,1550000.0,"Kensal Rise, NW10",4,3,2,https://www.dexters.co.uk/property-for-sale/property-for-sale-in-herbert-gardens-london-nw10/152301,Kensal Green,0.35,0,0,0,1,0,0,1,0,0,0,0,0,0,0,0,0,0,0,0,0,0
156723,Wellington Row,1550000.0,"Jesus Green, E2",2,2,1,https://www.dexters.co.uk/property-for-sale/property-for-sale-in-wellington-row-london-e2/156723,,,0,0,0,1,0,0,0,0,0,0,0,0,0,0,0,0,0,0,0,0,1
159773,Chaldon Road,1550000.0,"Fulham, SW6",5,0,1,https://www.dexters.co.uk/property-for-sale/house-for-sale-in-chaldon-road-london-sw6/159773,Barons Court,0.56,0,0,0,1,0,0,0,0,0,0,1,0,0,0,0,0,0,0,0,0,0
160760,Archel Road,1550000.0,"West Kensington, W14",3,2,2,https://www.dexters.co.uk/property-for-sale/house-for-sale-in-archel-road-london-w14/160760,West Kensington,0.31,0,0,0,1,0,0,0,0,0,0,1,0,0,0,0,0,0,0,0,0,0
161200,Lessar Avenue,1550000.0,"Clapham, SW4",4,2,1,https://www.dexters.co.uk/property-for-sale/house-for-sale-in-lessar-avenue-london-sw4/161200,Clapham South,0.2,0,0,0,1,0,0,0,0,0,0,0,0,0,0,0,0,0,1,0,0,0
161481,Glenhurst Avenue,1550000.0,"Dartmouth Park, NW5",4,2,1,https://www.dexters.co.uk/property-for-sale/property-for-sale-in-glenhurst-avenue-london-nw5/161481,Tufnell Park,0.46,0,0,0,1,0,0,0,0,0,0,0,0,0,0,0,0,0,1,0,0,0
148587,Narbonne Avenue,1525000.0,"Clapham, SW4",5,0,2,https://www.dexters.co.uk/property-for-sale/house-for-sale-in-narbonne-avenue-london-sw4/148587,Clapham South,0.31,0,0,0,1,0,0,0,0,0,0,0,0,0,0,0,0,0,1,0,0,0
155902,Maida Vale,1525000.0,"Maida Vale, W9",3,2,2,https://www.dexters.co.uk/property-for-sale/flat-for-sale-in-maida-vale-london-w9/155902,Maida Vale,0.26,0,0,1,0,0,0,1,0,0,0,0,0,0,0,0,0,0,0,0,0,0
133522,Wapping High Street,1500000.0,"Wapping, E1W",3,3,1,https://www.dexters.co.uk/property-for-sale/flat-for-sale-in-wapping-high-street-london-e1w/133522,Canada Water,0.49,0,0,1,0,0,0,0,0,0,0,0,0,1,0,0,0,0,0,0,0,0
133911,Lisson Grove,1500000.0,"Marylebone, NW1",4,2,3,https://www.dexters.co.uk/property-for-sale/flat-for-sale-in-lisson-grove-london-nw1/133911,Circle Marylebone,0.16,0,0,1,0,0,0,1,0,0,0,0,0,0,0,0,0,0,0,0,0,0
146088,Elgin Crescent,1500000.0,"Notting Hill, W11",2,2,1,https://www.dexters.co.uk/property-for-sale/flat-for-sale-in-elgin-crescent-london-w11/146088,Ladbroke Grove,0.25,0,0,0,1,0,0,0,0,1,0,0,0,0,0,0,0,0,0,0,0,0
150673,Hertford Street,1500000.0,"Mayfair, W1J",2,0,1,https://www.dexters.co.uk/property-for-sale/flat-for-sale-in-hertford-street-london-w1j/150673,East India,0.28,0,0,0,1,0,0,0,0,0,1,0,0,0,0,0,0,0,0,0,0,0
151061,Salem Road,1500000.0,"Bayswater, W2",3,2,2,https://www.dexters.co.uk/property-for-sale/flat-for-sale-in-salem-road-london-w2/151061,Circle Bayswater,0.07,0,0,0,1,0,0,0,0,0,0,1,0,0,0,0,0,0,0,0,0,0
155176,Horton Road,1500000.0,"London Fields, E8",4,2,1,https://www.dexters.co.uk/property-for-sale/house-for-sale-in-horton-road-london-e8/155176,,,0,0,0,1,0,0,0,0,0,0,0,0,0,0,0,0,0,0,0,0,1
156348,Dartmouth Park Avenue,1500000.0,"Dartmouth Park, NW5",4,0,1,https://www.dexters.co.uk/property-for-sale/flat-for-sale-in-dartmouth-park-avenue-london-nw5/156348,Tufnell Park,0.31,0,0,0,1,0,0,0,0,0,0,0,0,0,0,0,0,0,1,0,0,0
157056,Newell Street,1500000.0,"Wapping, E14",3,2,1,https://www.dexters.co.uk/property-for-sale/house-for-sale-in-newell-street-london-e14/157056,DLR Westferry,0.28,0,0,1,0,0,0,0,0,0,1,0,0,0,0,0,0,0,0,0,0,0
157248,Oman Avenue,1500000.0,"Cricklewood, NW2",4,3,2,https://www.dexters.co.uk/property-for-sale/property-for-sale-in-oman-avenue-london-nw2/157248,Willesden Green,0.47,0,0,0,0,1,0,0,0,0,0,0,0,1,0,0,0,0,0,0,0,0
157515,Church Road,1500000.0,"Isleworth, TW7",4,0,2,https://www.dexters.co.uk/property-for-sale/property-for-sale-in-church-road-isleworth-tw7/157515,Osterley,0.32,0,0,0,1,0,0,0,0,0,0,0,0,0,0,0,0,0,0,1,0,0
158777,Grove Road,1500000.0,"Surbiton, KT6",5,3,3,https://www.dexters.co.uk/property-for-sale/property-for-sale-in-grove-road-surbiton-kt6/158777,,,0,0,0,1,0,0,0,0,0,0,0,0,0,0,0,0,0,0,0,0,1
159241,Fishers Lane,1500000.0,"Chiswick, W4",4,3,4,https://www.dexters.co.uk/property-for-sale/house-for-sale-in-fishers-lane-london-w4/159241,Turnham Green,0.25,0,0,1,0,0,0,0,0,0,0,1,0,0,0,0,0,0,0,0,0,0
160998,Egliston Road,1500000.0,"Putney, SW15",4,2,2,https://www.dexters.co.uk/property-for-sale/flat-for-sale-in-egliston-road-london-sw15/160998,East Putney,0.91,0,0,0,1,0,0,0,0,0,0,1,0,0,0,0,0,0,0,0,0,0
161328,Caldervale Road,1499950.0,"Clapham, SW4",4,2,2,https://www.dexters.co.uk/property-for-sale/house-for-sale-in-caldervale-road-london-sw4/161328,Clapham Common,0.43,0,0,0,1,0,0,0,0,0,0,0,0,0,0,0,0,0,1,0,0,0
128366,Shirlock Road,1495000.0,"Hampstead Heath, NW3",3,2,2,https://www.dexters.co.uk/property-for-sale/flat-for-sale-in-shirlock-road-london-nw3/128366,Belsize Park,0.46,0,0,0,1,0,0,0,0,0,0,0,0,0,0,0,0,0,1,0,0,0
132342,Chelsea Crescent,1495000.0,"Chelsea, SW10",2,2,1,https://www.dexters.co.uk/property-for-sale/flat-for-sale-in-chelsea-crescent-london-sw10/132342,Fulham Broadway,0.71,0,0,1,0,0,0,0,0,0,0,1,0,0,0,0,0,0,0,0,0,0
156875,Broadley Street,1495000.0,"St John's Wood, NW8",4,3,1,https://www.dexters.co.uk/property-for-sale/property-for-sale-in-broadley-street-london-nw8/156875,Edgware Road (Bakerloo),0.08,0,0,1,0,0,0,1,0,0,0,0,0,0,0,0,0,0,0,0,0,0
157297,Grove Gardens,1495000.0,"Teddington, TW11",4,3,3,https://www.dexters.co.uk/property-for-sale/house-for-sale-in-grove-gardens-teddington-tw11/157297,,,0,0,0,1,0,0,0,0,0,0,0,0,0,0,0,0,0,0,0,0,1
159611,Acacia Road,1495000.0,"Hampton, TW12",5,2,2,https://www.dexters.co.uk/property-for-sale/house-for-sale-in-acacia-road-hampton-tw12/159611,,,0,0,1,0,0,0,0,0,0,0,0,0,0,0,0,0,0,0,0,0,1
159611,Acacia Road,1495000.0,"Hampton, TW12",5,2,2,https://www.dexters.co.uk/property-for-sale/house-for-sale-in-acacia-road-hampton-tw12/159611,,,0,0,1,0,0,0,0,0,0,0,0,0,0,0,0,0,0,0,0,0,1
161155,Acacia Road,1375000.0,"Hampton, TW12",5,3,3,https://www.dexters.co.uk/property-for-sale/house-for-sale-in-acacia-road-hampton-tw12/161155,,,0,0,1,0,0,0,0,0,0,0,0,0,0,0,0,0,0,0,0,0,1
161155,Acacia Road,1375000.0,"Hampton, TW12",5,3,3,https://www.dexters.co.uk/property-for-sale/house-for-sale-in-acacia-road-hampton-tw12/161155,,,0,0,1,0,0,0,0,0,0,0,0,0,0,0,0,0,0,0,0,0,1
159631,Carlyle Court,1495000.0,"Chelsea, SW10",3,2,1,https://www.dexters.co.uk/property-for-sale/flat-for-sale-in-carlyle-court-london-sw10/159631,Fulham Broadway,0.64,0,0,1,0,0,0,0,0,0,0,1,0,0,0,0,0,0,0,0,0,0
159651,Oxford Road,1495000.0,"Ealing, W5",4,2,2,https://www.dexters.co.uk/property-for-sale/house-for-sale-in-oxford-road-london-w5/159651,Ealing Broadway,0.21,0,0,0,1,0,0,0,1,0,0,0,0,0,0,0,0,0,0,0,0,0
159311,South Park Road,1475000.0,"Wimbledon, SW19",4,3,3,https://www.dexters.co.uk/property-for-sale/property-for-sale-in-south-park-road-london-sw19/159311,South Wimbledon,0.35,0,0,0,1,0,0,0,0,0,0,0,0,0,0,0,0,0,1,0,0,0
146489,Fremont Street,1450000.0,"London Fields, E9",4,2,2,https://www.dexters.co.uk/property-for-sale/property-for-sale-in-fremont-street-london-e9/146489,,,0,0,0,1,0,0,0,0,0,0,0,0,0,0,0,0,0,0,0,0,1
158458,Eaton Row,1450000.0,"Belgravia, SW1W",3,0,1,https://www.dexters.co.uk/property-for-sale/flat-for-sale-in-eaton-row-london-sw1w/158458,Victoria,0.22,0,0,0,0,1,0,0,0,0,0,1,0,0,0,0,0,0,0,0,0,0
160136,Halford Road,1450000.0,"Richmond, TW10",4,0,1,https://www.dexters.co.uk/property-for-sale/property-for-sale-in-halford-road-richmond-tw10/160136,Richmond,0.26,0,0,0,1,0,0,0,0,0,0,1,0,0,0,0,0,0,0,0,0,0
160649,Rushworth Street,1450000.0,"Southwark, SE1",3,2,1,https://www.dexters.co.uk/property-for-sale/flat-for-sale-in-rushworth-street-london-se1/160649,First Capital Connect Southwark,0.27,1,1,0,0,0,0,0,0,0,0,0,0,1,0,0,0,0,0,0,0,0
160795,Yeldham Road,1450000.0,"Hammersmith, W6",4,2,1,https://www.dexters.co.uk/property-for-sale/house-for-sale-in-yeldham-road-london-w6/160795,District Hammersmith,0.19,0,0,0,1,0,0,0,0,0,0,1,0,0,0,0,0,0,0,0,0,0
154883,Holmes Road,1425000.0,"Strawberry Hill, TW1",5,3,2,https://www.dexters.co.uk/property-for-sale/property-for-sale-in-holmes-road-twickenham-tw1/154883,,,1,1,0,0,0,0,0,0,0,0,0,0,0,0,0,0,0,0,0,0,1
157680,Stuart Avenue,1425000.0,"Ealing, W5",5,2,2,https://www.dexters.co.uk/property-for-sale/house-for-sale-in-stuart-avenue-london-w5/157680,Ealing Common,0.28,0,0,0,1,0,0,0,0,0,0,1,0,0,0,0,0,0,0,0,0,0
159389,Regency Lawn,1425000.0,"Dartmouth Park, NW5",4,2,2,https://www.dexters.co.uk/property-for-sale/house-for-sale-in-regency-lawn-london-nw5/159389,Tufnell Park,0.38,0,0,0,1,0,0,0,0,0,0,0,0,0,0,0,0,0,1,0,0,0
154449,Portnall Road,1400000.0,"Maida Vale, W9",4,2,2,https://www.dexters.co.uk/property-for-sale/property-for-sale-in-portnall-road-maida-vale-w9/154449,Queen's Park (Gt London),0.42,0,0,0,1,0,0,0,0,0,0,0,0,0,0,0,1,0,0,0,0,0
157140,Melrose Avenue,1400000.0,"Willesden Green, NW2",6,3,2,https://www.dexters.co.uk/property-for-sale/property-for-sale-in-melrose-avenue-london-nw2/157140,Willesden Green,0.35,0,0,0,1,0,0,0,0,0,0,0,0,1,0,0,0,0,0,0,0,0
157677,Goswell Road,1400000.0,"Farringdon, EC1V",2,2,1,https://www.dexters.co.uk/property-for-sale/flat-for-sale-in-goswell-road-london-ec1v/157677,Northern Barbican,0.27,1,1,0,0,0,0,0,0,0,0,0,0,0,0,0,0,1,0,0,0,0
158427,Goodge Street,1400000.0,"Fitzrovia, W1T",2,2,1,https://www.dexters.co.uk/property-for-sale/flat-for-sale-in-goodge-street-london-w1t/158427,Goodge Street,0.13,0,0,1,0,0,0,0,0,0,0,0,0,0,0,0,0,0,1,0,0,0
160308,Greyhound Road,1400000.0,"West Kensington, W14",4,2,2,https://www.dexters.co.uk/property-for-sale/house-for-sale-in-greyhound-road-london-w14/160308,West Kensington,0.3,0,0,0,1,0,0,0,0,0,0,1,0,0,0,0,0,0,0,0,0,0
160418,Telfords Yard,1400000.0,"Wapping, E1W",3,3,1,https://www.dexters.co.uk/property-for-sale/flat-for-sale-in-telfords-yard-london-e1w/160418,Shadwell,0.39,0,0,1,0,0,0,0,0,0,1,0,0,0,0,0,0,0,0,0,0,0
160551,Tennyson Avenue,1400000.0,"Twickenham, TW1",5,2,2,https://www.dexters.co.uk/property-for-sale/property-for-sale-in-tennyson-avenue-twickenham-tw1/160551,,,0,0,0,1,0,0,0,0,0,0,0,0,0,0,0,0,0,0,0,0,1
142624,Sutherland Place,1395000.0,"Notting Hill, W2",2,2,1,https://www.dexters.co.uk/property-for-sale/flat-for-sale-in-sutherland-place-london-w2/142624,Westbourne Park,0.36,0,0,0,1,0,0,0,0,1,0,0,0,0,0,0,0,0,0,0,0,0
147647,Jedburgh Street,1395000.0,"Battersea, SW11",5,3,2,https://www.dexters.co.uk/property-for-sale/property-for-sale-in-jedburgh-street-london-sw11/147647,Clapham Common,0.66,0,0,0,1,0,0,0,0,0,0,0,0,0,0,0,0,0,1,0,0,0
152501,Westbourne Terrace,1395000.0,"Hyde Park, W2",3,2,1,https://www.dexters.co.uk/property-for-sale/flat-for-sale-in-westbourne-terrace-london-w2/152501,Paddington (Praed St),0.16,0,0,1,0,0,0,1,0,0,0,0,0,0,0,0,0,0,0,0,0,0
159648,Burlington Lane,1395000.0,"Chiswick, W4",5,3,1,https://www.dexters.co.uk/property-for-sale/house-for-sale-in-burlington-lane-london-w4/159648,Turnham Green,0.76,1,1,0,0,0,0,0,0,0,0,1,0,0,0,0,0,0,0,0,0,0
159697,Effra Road,1395000.0,"Wimbledon, SW19",4,2,2,https://www.dexters.co.uk/property-for-sale/property-for-sale-in-effra-road-london-sw19/159697,Wimbledon,0.45,0,0,0,1,0,0,0,0,0,0,1,0,0,0,0,0,0,0,0,0,0
161638,Thirsk Road,1395000.0,"Battersea, SW11",4,3,1,https://www.dexters.co.uk/property-for-sale/house-for-sale-in-thirsk-road-london-sw11/161638,Clapham South,0.87,0,0,0,1,0,0,0,0,0,0,0,0,0,0,0,0,0,1,0,0,0
149430,Queensbridge Road,1375000.0,"London Fields, E8",5,3,2,https://www.dexters.co.uk/property-for-sale/house-for-sale-in-queensbridge-road-london-e8/149430,,,0,0,1,0,0,0,0,0,0,0,0,0,0,0,0,0,0,0,0,0,1
151771,Wildcroft Road,1375000.0,"Putney, SW15",5,3,2,https://www.dexters.co.uk/property-for-sale/flat-for-sale-in-wildcroft-road-london-sw15/151771,District Southfields,0.9,0,0,0,1,0,0,0,0,0,0,1,0,0,0,0,0,0,0,0,0,0
156038,Latimer Road,1375000.0,"Wimbledon, SW19",5,3,2,https://www.dexters.co.uk/property-for-sale/property-for-sale-in-latimer-road-london-sw19/156038,South Wimbledon,0.33,0,0,0,1,0,0,0,0,0,0,0,0,0,0,0,0,0,1,0,0,0
156534,Whitehall Gardens,1375000.0,"Chiswick, W4",4,3,2,https://www.dexters.co.uk/property-for-sale/house-for-sale-in-whitehall-gardens-london-w4/156534,District Gunnersbury,0.27,0,0,0,1,0,0,0,0,0,0,0,0,0,0,0,1,0,0,0,0,0
157910,Gladsmuir Road,1375000.0,"Whitehall Park, N19",4,2,2,https://www.dexters.co.uk/property-for-sale/property-for-sale-in-gladsmuir-road-london-n19/157910,Archway,0.33,0,0,0,1,0,0,0,0,0,0,0,0,0,0,0,0,0,1,0,0,0
154501,Broomwood Road,1365000.0,"Battersea, SW11",4,2,2,https://www.dexters.co.uk/property-for-sale/property-for-sale-in-broomwood-road-london-sw11/154501,Clapham South,0.46,0,0,0,1,0,0,0,0,0,0,0,0,0,0,0,0,0,1,0,0,0
157922,Windmill Drive,1365000.0,"Clapham, SW4",3,2,2,https://www.dexters.co.uk/property-for-sale/flat-for-sale-in-windmill-drive-london-sw4/157922,Clapham South,0.33,0,0,1,0,0,0,0,0,0,0,0,0,0,0,0,0,0,1,0,0,0
144096,Lady Margaret Road,1350000.0,"Kentish Town, NW5",4,2,1,https://www.dexters.co.uk/property-for-sale/flat-for-sale-in-lady-margaret-road-london-nw5/144096,Tufnell Park,0.24,0,0,0,1,0,0,0,0,0,0,0,0,0,0,0,0,0,1,0,0,0
150241,Rozel Road,1350000.0,"Clapham, SW4",4,2,3,https://www.dexters.co.uk/property-for-sale/house-for-sale-in-rozel-road-london-sw4/150241,Clapham Common,0.42,0,0,0,1,0,0,0,0,0,0,0,0,0,0,0,0,0,1,0,0,0
156492,Warneford Street,1350000.0,"London Fields, E9",4,2,3,https://www.dexters.co.uk/property-for-sale/house-for-sale-in-warneford-street-london-e9/156492,Bethnal Green,0.67,0,0,0,1,0,0,0,1,0,0,0,0,0,0,0,0,0,0,0,0,0
157205,Arminger Road,1350000.0,"Shepherds Bush, W12",4,3,1,https://www.dexters.co.uk/property-for-sale/property-for-sale-in-arminger-road-london-w12/157205,Goldhawk Road,0.41,0,0,0,1,0,0,0,0,1,0,0,0,0,0,0,0,0,0,0,0,0
157952,Wellington Road,1350000.0,"Hampton Hill, TW12",4,3,2,https://www.dexters.co.uk/property-for-sale/property-for-sale-in-wellington-road-hampton-tw12/157952,,,0,0,0,1,0,0,0,0,0,0,0,0,0,0,0,0,0,0,0,0,1
158528,Southampton Row,1350000.0,"Bloomsbury, WC1B",3,0,2,https://www.dexters.co.uk/property-for-sale/flat-for-sale-in-southampton-row-london-wc1b/158528,Piccadilly Holborn,0.21,0,0,0,1,0,0,0,1,0,0,0,0,0,0,0,0,0,0,0,0,0
160158,Crofton Avenue,1350000.0,"Chiswick, W4",4,3,2,https://www.dexters.co.uk/property-for-sale/property-for-sale-in-crofton-avenue-london-w4/160158,Gunnersbury,0.75,0,0,1,0,0,0,0,0,0,0,0,0,0,0,0,1,0,0,0,0,0
160448,York Rise,1350000.0,"Dartmouth Park, NW5",4,2,1,https://www.dexters.co.uk/property-for-sale/property-for-sale-in-york-rise-london-nw5/160448,Tufnell Park,0.21,0,0,0,1,0,0,0,0,0,0,0,0,0,0,0,0,0,1,0,0,0
160667,Charleville Road,1350000.0,"West Kensington, W14",4,3,1,https://www.dexters.co.uk/property-for-sale/flat-for-sale-in-charleville-road-london-w14/160667,Barons Court,0.23,0,0,0,1,0,0,0,0,0,0,1,0,0,0,0,0,0,0,0,0,0
161637,Leighton Road,1350000.0,"Kentish Town, NW5",4,2,1,https://www.dexters.co.uk/property-for-sale/house-for-sale-in-leighton-road-london-nw5/161637,Kentish Town,0.12,0,0,0,1,0,0,0,0,0,0,0,0,0,0,0,0,0,1,0,0,0
152731,Wakeman Road,1339999.0,"Kensal Rise, NW10",5,3,1,https://www.dexters.co.uk/property-for-sale/property-for-sale-in-wakeman-road-london-nw10/152731,Kensal Green,0.11,0,0,0,1,0,0,1,0,0,0,0,0,0,0,0,0,0,0,0,0,0
153220,Corinne Road,1325000.0,"Tufnell Park, N19",4,2,2,https://www.dexters.co.uk/property-for-sale/house-for-sale-in-corinne-road-london-n19/153220,Tufnell Park,0.2,0,0,0,1,0,0,0,0,0,0,0,0,0,0,0,0,0,1,0,0,0
160763,Kingsland High Street,1325000.0,"Islington, E8",2,3,1,https://www.dexters.co.uk/property-for-sale/flat-for-sale-in-kingsland-high-street-london-e8/160763,,,1,1,0,0,0,0,0,0,0,0,0,0,0,0,0,0,0,0,0,0,1
142375,Maldon Road,1300000.0,"Acton, W3",4,2,2,https://www.dexters.co.uk/property-for-sale/property-for-sale-in-maldon-road-london-w3/142375,West Acton,0.72,0,0,0,1,0,0,0,1,0,0,0,0,0,0,0,0,0,0,0,0,0
147283,Kingsland Road,1300000.0,"Bethnal Green, E2",2,2,1,https://www.dexters.co.uk/property-for-sale/flat-for-sale-in-kingsland-road-london-e2/147283,Old Street,0.53,0,0,1,0,0,0,0,0,0,0,0,0,0,0,0,0,0,1,0,0,0
152598,Osborn Street,1300000.0,"Shoreditch, E1",3,2,1,https://www.dexters.co.uk/property-for-sale/property-for-sale-in-osborn-street-london-e1/152598,Aldgate East,0.14,0,0,0,1,0,0,0,0,0,0,1,0,0,0,0,0,0,0,0,0,0
155207,Hackney Road,1300000.0,"Hackney, E2",3,2,2,https://www.dexters.co.uk/property-for-sale/house-for-sale-in-hackney-road-london-e2/155207,Bethnal Green,0.47,0,0,1,0,0,0,0,1,0,0,0,0,0,0,0,0,0,0,0,0,0
